"gesla_filename","site_name","site_code","country","source","latitude","longitude","record_start","record_end","header_timezone_hours","upstream_record_quality","issue_category","evidence_status","evidence","related_gesla_filename","requested_action","issue_url","gesla_4_1_record_id","gesla_4_1_status","gesla_4_1_evidence","gesla_4_1_source_url"
"amaliahaven-amlahvn-nld-rws","Amaliahaven","AMLAHVN","NLD","rws","51.96219264","3.99495496","2013/04/24 00:00:00","2015/01/03 22:00:00","0","No obvious issues","RWS daylight-saving conversion","Source-wide concern; not individually revalidated","Repository diagnosis: fixed CET subtraction leaves summer timestamps 1 h ahead of UTC; winter timestamps already UTC. Cadzand is the documented test case. Does not apply to rws_hist.","","Confirm the scope of the 4.1 timestamp correction and document conversion rules, timestamp convention and old-to-new record mapping.","https://github.com/openwatersio/tide-database/issues/98","maasvlakte_amaliahaven-maa-nld-rws","DST error removed: winter unchanged, summer moved back 1 h","old minus new: -0.00 h winter, +0.99 h summer (M2, 2014); 4.1 record maasvlakte_amaliahaven-maa-nld-rws","https://uhslc.soest.hawaii.edu/erddap/tabledap/global_hourly_gesla.html"
"amelander_westgat_platform-awgpfm-nld-rws","Amelander_Westgat_platform","AWGPFM","NLD","rws","53.49163903","5.94119443","2008/12/31 23:00:00","2023/12/31 22:50:00","0","No obvious issues","RWS daylight-saving conversion","Source-wide concern; not individually revalidated","Repository diagnosis: fixed CET subtraction leaves summer timestamps 1 h ahead of UTC; winter timestamps already UTC. Cadzand is the documented test case. Does not apply to rws_hist.","","Confirm the scope of the 4.1 timestamp correction and document conversion rules, timestamp convention and old-to-new record mapping.","https://github.com/openwatersio/tide-database/issues/98","","No 4.1 record within 1 km","Absent from 4.1 metadata; offshore platform","https://gesla787883612.wordpress.com/downloads/ (GESLA-4.1 metadata CSV)"
"antwerpen_prosperpolder-antwppppdr-nld-rws","Antwerpen_Prosperpolder","ANTWPPPPDR","NLD","rws","51.34208224","4.24763328","1982/12/31 23:00:00","1999/12/31 22:50:00","0","No obvious issues","RWS daylight-saving conversion","Source-wide concern; not individually revalidated","Repository diagnosis: fixed CET subtraction leaves summer timestamps 1 h ahead of UTC; winter timestamps already UTC. Cadzand is the documented test case. Does not apply to rws_hist.","","Confirm the scope of the 4.1 timestamp correction and document conversion rules, timestamp convention and old-to-new record mapping.","https://github.com/openwatersio/tide-database/issues/98","antwerpen_prosperpolder-ant-nld-rws","DST error removed: winter unchanged, summer moved back 1 h","old minus new: +0.00 h winter, +1.00 h summer (M2, 1998); 4.1 record antwerpen_prosperpolder-ant-nld-rws","https://uhslc.soest.hawaii.edu/erddap/tabledap/global_hourly_gesla.html"
"aukfield_platform-aukfpfm-nld-rws","Aukfield_platform","AUKFPFM","NLD","rws","56.39904034","2.06402033","1984/09/29 13:00:00","2006/09/16 08:20:00","0","No obvious issues","RWS daylight-saving conversion","Source-wide concern; not individually revalidated","Repository diagnosis: fixed CET subtraction leaves summer timestamps 1 h ahead of UTC; winter timestamps already UTC. Cadzand is the documented test case. Does not apply to rws_hist.","","Confirm the scope of the 4.1 timestamp correction and document conversion rules, timestamp convention and old-to-new record mapping.","https://github.com/openwatersio/tide-database/issues/98","","No 4.1 record within 1 km","Absent from 4.1 metadata; offshore platform","https://gesla787883612.wordpress.com/downloads/ (GESLA-4.1 metadata CSV)"
"bergse_diepsluis_west-bergsdswt-nld-rws","Bergse_Diepsluis_west","BERGSDSWT","NLD","rws","51.51133468","4.16574313","1989/08/31 20:00:00","2022/12/30 22:50:00","0","No obvious issues","RWS daylight-saving conversion","Source-wide concern; not individually revalidated","Repository diagnosis: fixed CET subtraction leaves summer timestamps 1 h ahead of UTC; winter timestamps already UTC. Cadzand is the documented test case. Does not apply to rws_hist.","","Confirm the scope of the 4.1 timestamp correction and document conversion rules, timestamp convention and old-to-new record mapping.","https://github.com/openwatersio/tide-database/issues/98","tholen_bergse_diepsluis_buiten-tho-nld-rws","DST error removed: winter unchanged, summer moved back 1 h","old minus new: +0.00 h winter, +1.00 h summer (M2, 1992); 4.1 record tholen_bergse_diepsluis_buiten-tho-nld-rws","https://uhslc.soest.hawaii.edu/erddap/tabledap/global_hourly_gesla.html"
"brouwershavensche_gat_08-brouwhvsgt08-nld-rws","Brouwershavensche_Gat_08","BROUWHVSGT08","NLD","rws","51.75075687","3.81148258","1979/12/31 23:00:00","2022/12/30 22:50:00","0","No obvious issues","RWS daylight-saving conversion","Source-wide concern; not individually revalidated","Repository diagnosis: fixed CET subtraction leaves summer timestamps 1 h ahead of UTC; winter timestamps already UTC. Cadzand is the documented test case. Does not apply to rws_hist.","","Confirm the scope of the 4.1 timestamp correction and document conversion rules, timestamp convention and old-to-new record mapping.","https://github.com/openwatersio/tide-database/issues/98","brouwershavensche_gat_08-bro-nld-rws","Record renamed or merged in 4.1; 4.0 record too short to test","brouwershavensche_gat_08-bro-nld-rws (2025/10/28..2026/07/14, 0.0 km)","https://uhslc.soest.hawaii.edu/erddap/tabledap/global_hourly_gesla.html"
"brouwershavensche_gat_punt_02-brouwhvsgt02-nld-rws","Brouwershavensche_Gat_punt_02","BROUWHVSGT02","NLD","rws","51.76762642","3.61712418","1978/06/01 00:00:00","2021/12/31 23:00:00","0","No obvious issues","RWS daylight-saving conversion","Source-wide concern; not individually revalidated","Repository diagnosis: fixed CET subtraction leaves summer timestamps 1 h ahead of UTC; winter timestamps already UTC. Cadzand is the documented test case. Does not apply to rws_hist.","","Confirm the scope of the 4.1 timestamp correction and document conversion rules, timestamp convention and old-to-new record mapping.","https://github.com/openwatersio/tide-database/issues/98","brouwersdam_brouwershavense_gat_2-bro-nld-rws","Record renamed or merged in 4.1; 4.0 record too short to test","brouwersdam_brouwershavense_gat_2-bro-nld-rws (1978/05/31..2026/07/11, 0.34 km)","https://uhslc.soest.hawaii.edu/erddap/tabledap/global_hourly_gesla.html"
"cadzand-cadzd-nld-rws","Cadzand","CADZD","NLD","rws","51.37929817","3.37627452","1970/12/31 23:00:00","2022/12/30 22:50:00","0","No obvious issues","RWS daylight-saving conversion","Source-wide concern; not individually revalidated","Repository diagnosis: fixed CET subtraction leaves summer timestamps 1 h ahead of UTC; winter timestamps already UTC. Cadzand is the documented test case. Does not apply to rws_hist.","","Confirm the scope of the 4.1 timestamp correction and document conversion rules, timestamp convention and old-to-new record mapping.","https://github.com/openwatersio/tide-database/issues/98","cadzand_2-cad-nld-rws","DST error removed: winter unchanged, summer moved back 1 h","old minus new: +0.00 h winter, +1.00 h summer (M2, 1993); 4.1 record cadzand_2-cad-nld-rws","https://uhslc.soest.hawaii.edu/erddap/tabledap/global_hourly_gesla.html"
"eemshaven-eemshvn-nld-rws","Eemshaven","EEMSHVN","NLD","rws","53.44870194","6.82839202","1978/12/29 08:00:00","2022/12/30 22:50:00","0","No obvious issues","RWS daylight-saving conversion","Source-wide concern; not individually revalidated","Repository diagnosis: fixed CET subtraction leaves summer timestamps 1 h ahead of UTC; winter timestamps already UTC. Cadzand is the documented test case. Does not apply to rws_hist.","","Confirm the scope of the 4.1 timestamp correction and document conversion rules, timestamp convention and old-to-new record mapping.","https://github.com/openwatersio/tide-database/issues/98","eemshaven_haven-eem-nld-rws","DST error removed: winter unchanged, summer moved back 1 h","old minus new: +0.00 h winter, +1.00 h summer (M2, 1987); 4.1 record eemshaven_haven-eem-nld-rws","https://uhslc.soest.hawaii.edu/erddap/tabledap/global_hourly_gesla.html"
"euro_platform-eurpfm-nld-rws","Euro_platform","EURPFM","NLD","rws","51.99779907","3.27503678","1982/12/31 23:00:00","2023/12/31 22:50:00","0","No obvious issues","RWS daylight-saving conversion","Source-wide concern; not individually revalidated","Repository diagnosis: fixed CET subtraction leaves summer timestamps 1 h ahead of UTC; winter timestamps already UTC. Cadzand is the documented test case. Does not apply to rws_hist.","","Confirm the scope of the 4.1 timestamp correction and document conversion rules, timestamp convention and old-to-new record mapping.","https://github.com/openwatersio/tide-database/issues/98","","No 4.1 record within 1 km","Absent from 4.1 metadata; offshore platform","https://gesla787883612.wordpress.com/downloads/ (GESLA-4.1 metadata CSV)"
"geulhaven-geulhvn-nld-rws","Geulhaven","GEULHVN","NLD","rws","51.88862528","4.31375492","1970/12/31 23:00:00","2022/12/31 22:50:00","0","Possible quality control issues","RWS daylight-saving conversion","Source-wide concern; not individually revalidated","Repository diagnosis: fixed CET subtraction leaves summer timestamps 1 h ahead of UTC; winter timestamps already UTC. Cadzand is the documented test case. Does not apply to rws_hist.","","Confirm the scope of the 4.1 timestamp correction and document conversion rules, timestamp convention and old-to-new record mapping.","https://github.com/openwatersio/tide-database/issues/98","botlek_geulhaven-bot-nld-rws","Record renamed or merged in 4.1; 4.0 record too short to test","botlek_geulhaven-bot-nld-rws (1970/12/31..2026/07/11, 0.36 km)","https://uhslc.soest.hawaii.edu/erddap/tabledap/global_hourly_gesla.html"
"goidschalxoord-goidsod-nld-rws","Goidschalxoord","GOIDSOD","NLD","rws","51.83029802","4.45162206","1970/10/31 23:00:00","2022/12/30 22:50:00","0","No obvious issues","RWS daylight-saving conversion","Source-wide concern; not individually revalidated","Repository diagnosis: fixed CET subtraction leaves summer timestamps 1 h ahead of UTC; winter timestamps already UTC. Cadzand is the documented test case. Does not apply to rws_hist.","","Confirm the scope of the 4.1 timestamp correction and document conversion rules, timestamp convention and old-to-new record mapping.","https://github.com/openwatersio/tide-database/issues/98","heinenoord_goidschalxoord-hei-nld-rws","DST error removed: winter unchanged, summer moved back 1 h","old minus new: +0.00 h winter, +1.00 h summer (M2, 1986); 4.1 record heinenoord_goidschalxoord-hei-nld-rws","https://uhslc.soest.hawaii.edu/erddap/tabledap/global_hourly_gesla.html"
"gouda_brug-goudbg-nld-rws","Gouda_brug","GOUDBG","NLD","rws","52.00678045","4.72059405","1981/07/01 00:00:00","2022/12/30 22:50:00","0","No obvious issues","RWS daylight-saving conversion","Source-wide concern; not individually revalidated","Repository diagnosis: fixed CET subtraction leaves summer timestamps 1 h ahead of UTC; winter timestamps already UTC. Cadzand is the documented test case. Does not apply to rws_hist.","","Confirm the scope of the 4.1 timestamp correction and document conversion rules, timestamp convention and old-to-new record mapping.","https://github.com/openwatersio/tide-database/issues/98","gouda_hollandsche_ijssel-gou-nld-rws","DST error removed: winter unchanged, summer moved back 1 h","old minus new: +0.00 h winter, +1.00 h summer (M2, 1987); 4.1 record gouda_hollandsche_ijssel-gou-nld-rws","https://uhslc.soest.hawaii.edu/erddap/tabledap/global_hourly_gesla.html"
"ijmuiden_buitenhaven-ijmdbthvn-nld-rws","IJmuiden_buitenhaven","IJMDBTHVN","NLD","rws","52.46232566","4.55482314","1980/12/31 23:00:00","2022/12/30 22:50:00","0","No obvious issues","RWS daylight-saving conversion","Source-wide concern; not individually revalidated","Repository diagnosis: fixed CET subtraction leaves summer timestamps 1 h ahead of UTC; winter timestamps already UTC. Cadzand is the documented test case. Does not apply to rws_hist.","","Confirm the scope of the 4.1 timestamp correction and document conversion rules, timestamp convention and old-to-new record mapping.","https://github.com/openwatersio/tide-database/issues/98","ijmuiden_buitenhaven-ijm-nld-rws","DST error removed: winter unchanged, summer moved back 1 h","old minus new: +0.00 h winter, +1.00 h summer (M2, 1993); 4.1 record ijmuiden_buitenhaven-ijm-nld-rws","https://uhslc.soest.hawaii.edu/erddap/tabledap/global_hourly_gesla.html"
"ijmuiden_stroommeetpaal-ijmdsmpl-nld-rws","IJmuiden_stroommeetpaal","IJMDSMPL","NLD","rws","52.46394337","4.51759573","2002/10/30 04:10:00","2023/12/30 22:50:00","0","No obvious issues","RWS daylight-saving conversion","Source-wide concern; not individually revalidated","Repository diagnosis: fixed CET subtraction leaves summer timestamps 1 h ahead of UTC; winter timestamps already UTC. Cadzand is the documented test case. Does not apply to rws_hist.","","Confirm the scope of the 4.1 timestamp correction and document conversion rules, timestamp convention and old-to-new record mapping.","https://github.com/openwatersio/tide-database/issues/98","ijgeul_1-ijg-nld-rws","DST error removed: winter unchanged, summer moved back 1 h","old minus new: +0.00 h winter, +1.00 h summer (M2, 2022); 4.1 record ijgeul_1-ijg-nld-rws","https://uhslc.soest.hawaii.edu/erddap/tabledap/global_hourly_gesla.html"
"k13a_platform-k13apfm-nld-rws","K13a_platform","K13APFM","NLD","rws","53.21700344","3.21888623","1978/08/01 00:00:00","2022/12/30 22:50:00","0","No obvious issues","RWS daylight-saving conversion","Source-wide concern; not individually revalidated","Repository diagnosis: fixed CET subtraction leaves summer timestamps 1 h ahead of UTC; winter timestamps already UTC. Cadzand is the documented test case. Does not apply to rws_hist.","","Confirm the scope of the 4.1 timestamp correction and document conversion rules, timestamp convention and old-to-new record mapping.","https://github.com/openwatersio/tide-database/issues/98","","No 4.1 record within 1 km","Absent from 4.1 metadata; offshore platform","https://gesla787883612.wordpress.com/downloads/ (GESLA-4.1 metadata CSV)"
"l9_platform-l9pfm-nld-rws","L9_platform","L9PFM","NLD","rws","53.6166668","4.96666666","2012/02/25 18:20:00","2023/12/31 22:50:00","0","No obvious issues","RWS daylight-saving conversion","Source-wide concern; not individually revalidated","Repository diagnosis: fixed CET subtraction leaves summer timestamps 1 h ahead of UTC; winter timestamps already UTC. Cadzand is the documented test case. Does not apply to rws_hist.","","Confirm the scope of the 4.1 timestamp correction and document conversion rules, timestamp convention and old-to-new record mapping.","https://github.com/openwatersio/tide-database/issues/98","","No 4.1 record within 1 km","Absent from 4.1 metadata; offshore platform","https://gesla787883612.wordpress.com/downloads/ (GESLA-4.1 metadata CSV)"
"lauwersoog-lauwog-nld-rws","Lauwersoog","LAUWOG","NLD","rws","53.40868675","6.19695195","1970/12/31 23:00:00","2022/12/30 22:50:00","0","No obvious issues","RWS daylight-saving conversion","Source-wide concern; not individually revalidated","Repository diagnosis: fixed CET subtraction leaves summer timestamps 1 h ahead of UTC; winter timestamps already UTC. Cadzand is the documented test case. Does not apply to rws_hist.","","Confirm the scope of the 4.1 timestamp correction and document conversion rules, timestamp convention and old-to-new record mapping.","https://github.com/openwatersio/tide-database/issues/98","lauwersoog_waddenzee-lau-nld-rws","DST error removed: winter unchanged, summer moved back 1 h","old minus new: +0.00 h winter, +1.00 h summer (M2, 1987); 4.1 record lauwersoog_waddenzee-lau-nld-rws","https://uhslc.soest.hawaii.edu/erddap/tabledap/global_hourly_gesla.html"
"lichteiland_goeree-lichtelgre-nld-rws","Lichteiland_Goeree","LICHTELGRE","NLD","rws","51.92502355","3.66838156","1982/12/31 23:00:00","2023/12/30 22:50:00","0","No obvious issues","RWS daylight-saving conversion","Source-wide concern; not individually revalidated","Repository diagnosis: fixed CET subtraction leaves summer timestamps 1 h ahead of UTC; winter timestamps already UTC. Cadzand is the documented test case. Does not apply to rws_hist.","","Confirm the scope of the 4.1 timestamp correction and document conversion rules, timestamp convention and old-to-new record mapping.","https://github.com/openwatersio/tide-database/issues/98","goeree_lichteiland-goe-nld-rws","Record renamed or merged in 4.1; 4.0 record too short to test","goeree_lichteiland-goe-nld-rws (2023/12/31..2026/07/13, 0.0 km)","https://uhslc.soest.hawaii.edu/erddap/tabledap/global_hourly_gesla.html"
"maasmond_stroommeetpaal-maasmsmpl-nld-rws","Maasmond_stroommeetpaal","MAASMSMPL","NLD","rws","51.99220543","4.00771079","2003/07/11 14:40:00","2014/05/27 00:50:00","0","Possible quality control issues","RWS daylight-saving conversion","Source-wide concern; not individually revalidated","Repository diagnosis: fixed CET subtraction leaves summer timestamps 1 h ahead of UTC; winter timestamps already UTC. Cadzand is the documented test case. Does not apply to rws_hist.","","Confirm the scope of the 4.1 timestamp correction and document conversion rules, timestamp convention and old-to-new record mapping.","https://github.com/openwatersio/tide-database/issues/98","maasmond_stroommeetpaal-maa-nld-rws","DST error removed: winter unchanged, summer moved back 1 h","old minus new: +0.00 h winter, +1.00 h summer (M2, 2013); 4.1 record maasmond_stroommeetpaal-maa-nld-rws","https://uhslc.soest.hawaii.edu/erddap/tabledap/global_hourly_gesla.html"
"maeslantkering_zeezijde-maeslkrzzde-nld-rws","Maeslantkering_zeezijde","MAESLKRZZDE","NLD","rws","51.95823879","4.16144308","2006/09/26 12:30:00","2023/12/31 22:50:00","0","No obvious issues","RWS daylight-saving conversion","Source-wide concern; not individually revalidated","Repository diagnosis: fixed CET subtraction leaves summer timestamps 1 h ahead of UTC; winter timestamps already UTC. Cadzand is the documented test case. Does not apply to rws_hist.","","Confirm the scope of the 4.1 timestamp correction and document conversion rules, timestamp convention and old-to-new record mapping.","https://github.com/openwatersio/tide-database/issues/98","hoek_van_holland_maeslantkering_beneden_noord-hoe-nld-rws","DST error removed: winter unchanged, summer moved back 1 h","old minus new: +0.00 h winter, +1.00 h summer (M2, 2022); 4.1 record hoek_van_holland_maeslantkering_beneden_noord-hoe-nld-rws","https://uhslc.soest.hawaii.edu/erddap/tabledap/global_hourly_gesla.html"
"marollegat-marlgt-nld-rws","Marollegat","MARLGT","NLD","rws","51.4797472","4.19195771","1982/12/31 23:00:00","2021/12/31 23:00:00","0","Possible quality control issues","RWS daylight-saving conversion","Source-wide concern; not individually revalidated","Repository diagnosis: fixed CET subtraction leaves summer timestamps 1 h ahead of UTC; winter timestamps already UTC. Cadzand is the documented test case. Does not apply to rws_hist.","","Confirm the scope of the 4.1 timestamp correction and document conversion rules, timestamp convention and old-to-new record mapping.","https://github.com/openwatersio/tide-database/issues/98","marollegat-mar-nld-rws","DST error removed: winter unchanged, summer moved back 1 h","old minus new: +0.00 h winter, +0.97 h summer (M2, 1991); 4.1 record marollegat-mar-nld-rws","https://uhslc.soest.hawaii.edu/erddap/tabledap/global_hourly_gesla.html"
"moerdijk-moerdk-nld-rws","Moerdijk","MOERDK","NLD","rws","51.70470407","4.62247809","1970/10/31 23:00:00","2022/12/30 22:50:00","0","No obvious issues","RWS daylight-saving conversion","Source-wide concern; not individually revalidated","Repository diagnosis: fixed CET subtraction leaves summer timestamps 1 h ahead of UTC; winter timestamps already UTC. Cadzand is the documented test case. Does not apply to rws_hist.","","Confirm the scope of the 4.1 timestamp correction and document conversion rules, timestamp convention and old-to-new record mapping.","https://github.com/openwatersio/tide-database/issues/98","moerdijk-moe-nld-rws","DST error removed: winter unchanged, summer moved back 1 h","old minus new: +0.00 h winter, +1.00 h summer (M2, 1992); 4.1 record moerdijk-moe-nld-rws","https://uhslc.soest.hawaii.edu/erddap/tabledap/global_hourly_gesla.html"
"north_cormorant-northcmrt-nld-rws","North_Cormorant","NORTHCMRT","NLD","rws","61.2394845","1.14765241","1990/03/01 18:00:00","2023/12/31 22:50:00","0","Possible datum and quality control issues","RWS daylight-saving conversion","Source-wide concern; not individually revalidated","Repository diagnosis: fixed CET subtraction leaves summer timestamps 1 h ahead of UTC; winter timestamps already UTC. Cadzand is the documented test case. Does not apply to rws_hist.","","Confirm the scope of the 4.1 timestamp correction and document conversion rules, timestamp convention and old-to-new record mapping.","https://github.com/openwatersio/tide-database/issues/98","","No 4.1 record within 1 km","Absent from 4.1 metadata; offshore platform","https://gesla787883612.wordpress.com/downloads/ (GESLA-4.1 metadata CSV)"
"oosterschelde_11-oostsde11-nld-rws","Oosterschelde_11","OOSTSDE11","NLD","rws","51.64286987","3.4810545","1982/07/01 00:00:00","2023/12/30 22:50:00","0","No obvious issues","RWS daylight-saving conversion","Source-wide concern; not individually revalidated","Repository diagnosis: fixed CET subtraction leaves summer timestamps 1 h ahead of UTC; winter timestamps already UTC. Cadzand is the documented test case. Does not apply to rws_hist.","","Confirm the scope of the 4.1 timestamp correction and document conversion rules, timestamp convention and old-to-new record mapping.","https://github.com/openwatersio/tide-database/issues/98","oosterschelde_11-oos-nld-rws","DST error removed: winter unchanged, summer moved back 1 h","old minus new: +0.00 h winter, +1.00 h summer (M2, 2021); 4.1 record oosterschelde_11-oos-nld-rws","https://uhslc.soest.hawaii.edu/erddap/tabledap/global_hourly_gesla.html"
"oosterschelde_13-oostsde13-nld-rws","Oosterschelde_13","OOSTSDE13","NLD","rws","51.73332411","3.55484762","1982/05/01 00:00:00","1991/05/24 23:50:00","0","Possible quality control issues","RWS daylight-saving conversion","Source-wide concern; not individually revalidated","Repository diagnosis: fixed CET subtraction leaves summer timestamps 1 h ahead of UTC; winter timestamps already UTC. Cadzand is the documented test case. Does not apply to rws_hist.","","Confirm the scope of the 4.1 timestamp correction and document conversion rules, timestamp convention and old-to-new record mapping.","https://github.com/openwatersio/tide-database/issues/98","oosterschelde_13-oos-nld-rws","DST error removed: winter unchanged, summer moved back 1 h","old minus new: -0.01 h winter, +1.00 h summer (M2, 1990); 4.1 record oosterschelde_13-oos-nld-rws","https://uhslc.soest.hawaii.edu/erddap/tabledap/global_hourly_gesla.html"
"oosterschelde_14-oostsde14-nld-rws","Oosterschelde_14","OOSTSDE14","NLD","rws","51.72154375","3.67591773","1982/07/01 00:00:00","2023/12/30 22:50:00","0","No obvious issues","RWS daylight-saving conversion","Source-wide concern; not individually revalidated","Repository diagnosis: fixed CET subtraction leaves summer timestamps 1 h ahead of UTC; winter timestamps already UTC. Cadzand is the documented test case. Does not apply to rws_hist.","","Confirm the scope of the 4.1 timestamp correction and document conversion rules, timestamp convention and old-to-new record mapping.","https://github.com/openwatersio/tide-database/issues/98","oosterschelde_14-oos-nld-rws","DST error removed: winter unchanged, summer moved back 1 h","old minus new: +0.00 h winter, +1.00 h summer (M2, 2022); 4.1 record oosterschelde_14-oos-nld-rws","https://uhslc.soest.hawaii.edu/erddap/tabledap/global_hourly_gesla.html"
"oosterschelde_15-oostsde15-nld-rws","Oosterschelde_15","OOSTSDE15","NLD","rws","51.58282787","3.47102233","1982/05/01 00:00:00","1992/09/30 22:50:00","0","Possible quality control issues","RWS daylight-saving conversion","Source-wide concern; not individually revalidated","Repository diagnosis: fixed CET subtraction leaves summer timestamps 1 h ahead of UTC; winter timestamps already UTC. Cadzand is the documented test case. Does not apply to rws_hist.","","Confirm the scope of the 4.1 timestamp correction and document conversion rules, timestamp convention and old-to-new record mapping.","https://github.com/openwatersio/tide-database/issues/98","oosterschelde_15-oos-nld-rws","DST error removed: winter unchanged, summer moved back 1 h","old minus new: +0.00 h winter, +1.00 h summer (M2, 1991); 4.1 record oosterschelde_15-oos-nld-rws","https://uhslc.soest.hawaii.edu/erddap/tabledap/global_hourly_gesla.html"
"oudeschild-oudsd-nld-rws","Oudeschild","OUDSD","NLD","rws","53.03883546","4.850192","1970/12/31 23:00:00","2022/12/30 22:50:00","0","No obvious issues","RWS daylight-saving conversion","Source-wide concern; not individually revalidated","Repository diagnosis: fixed CET subtraction leaves summer timestamps 1 h ahead of UTC; winter timestamps already UTC. Cadzand is the documented test case. Does not apply to rws_hist.","","Confirm the scope of the 4.1 timestamp correction and document conversion rules, timestamp convention and old-to-new record mapping.","https://github.com/openwatersio/tide-database/issues/98","texel_oudeschild-tex-nld-rws","DST error removed: winter unchanged, summer moved back 1 h","old minus new: +0.00 h winter, +1.00 h summer (M2, 1987); 4.1 record texel_oudeschild-tex-nld-rws","https://uhslc.soest.hawaii.edu/erddap/tabledap/global_hourly_gesla.html"
"parksluis-parkss-nld-rws","Parksluis","PARKSS","NLD","rws","51.90653483","4.46445225","1997/12/31 23:00:00","2013/12/31 22:00:00","0","No obvious issues","RWS daylight-saving conversion","Source-wide concern; not individually revalidated","Repository diagnosis: fixed CET subtraction leaves summer timestamps 1 h ahead of UTC; winter timestamps already UTC. Cadzand is the documented test case. Does not apply to rws_hist.","","Confirm the scope of the 4.1 timestamp correction and document conversion rules, timestamp convention and old-to-new record mapping.","https://github.com/openwatersio/tide-database/issues/98","parksluis-par-nld-rws","DST error removed: winter unchanged, summer moved back 1 h","old minus new: -0.00 h winter, +1.00 h summer (M2, 2012); 4.1 record parksluis-par-nld-rws","https://uhslc.soest.hawaii.edu/erddap/tabledap/global_hourly_gesla.html"
"petten_zuid-pettzd-nld-rws","Petten_zuid","PETTZD","NLD","rws","52.77265954","4.64970234","1977/07/01 00:00:00","2017/07/18 09:20:00","0","No obvious issues","RWS daylight-saving conversion","Source-wide concern; not individually revalidated","Repository diagnosis: fixed CET subtraction leaves summer timestamps 1 h ahead of UTC; winter timestamps already UTC. Cadzand is the documented test case. Does not apply to rws_hist.","","Confirm the scope of the 4.1 timestamp correction and document conversion rules, timestamp convention and old-to-new record mapping.","https://github.com/openwatersio/tide-database/issues/98","petten_zuid-pet-nld-rws","DST error removed: winter unchanged, summer moved back 1 h","old minus new: +0.00 h winter, +1.00 h summer (M2, 2016); 4.1 record petten_zuid-pet-nld-rws","https://uhslc.soest.hawaii.edu/erddap/tabledap/global_hourly_gesla.html"
"platform_a12-a12-nld-rws","Platform_A12","A12","NLD","rws","55.38333346","3.8","2009/02/01 10:50:00","2023/12/31 22:50:00","0","Possible datum and quality control issues","RWS daylight-saving conversion","Source-wide concern; not individually revalidated","Repository diagnosis: fixed CET subtraction leaves summer timestamps 1 h ahead of UTC; winter timestamps already UTC. Cadzand is the documented test case. Does not apply to rws_hist.","","Confirm the scope of the 4.1 timestamp correction and document conversion rules, timestamp convention and old-to-new record mapping.","https://github.com/openwatersio/tide-database/issues/98","","No 4.1 record within 1 km","Absent from 4.1 metadata; offshore platform","https://gesla787883612.wordpress.com/downloads/ (GESLA-4.1 metadata CSV)"
"platform_d15_a-d15-nld-rws","Platform_D15_A","D15","NLD","rws","54.32566679","2.93575","2009/02/01 12:10:00","2023/12/31 22:50:00","0","No obvious issues","RWS daylight-saving conversion","Source-wide concern; not individually revalidated","Repository diagnosis: fixed CET subtraction leaves summer timestamps 1 h ahead of UTC; winter timestamps already UTC. Cadzand is the documented test case. Does not apply to rws_hist.","","Confirm the scope of the 4.1 timestamp correction and document conversion rules, timestamp convention and old-to-new record mapping.","https://github.com/openwatersio/tide-database/issues/98","","No 4.1 record within 1 km","Absent from 4.1 metadata; offshore platform","https://gesla787883612.wordpress.com/downloads/ (GESLA-4.1 metadata CSV)"
"platform_f16_a-f16-nld-rws","Platform_F16_A","F16","NLD","rws","54.11666679","4.01222222","2009/02/01 13:00:00","2020/09/07 00:50:00","0","No obvious issues","RWS daylight-saving conversion","Source-wide concern; not individually revalidated","Repository diagnosis: fixed CET subtraction leaves summer timestamps 1 h ahead of UTC; winter timestamps already UTC. Cadzand is the documented test case. Does not apply to rws_hist.","","Confirm the scope of the 4.1 timestamp correction and document conversion rules, timestamp convention and old-to-new record mapping.","https://github.com/openwatersio/tide-database/issues/98","","No 4.1 record within 1 km","Absent from 4.1 metadata; offshore platform","https://gesla787883612.wordpress.com/downloads/ (GESLA-4.1 metadata CSV)"
"platform_hoorn_q1_a-q1-nld-rws","Platform_Hoorn_Q1_A","Q1","NLD","rws","52.92535282","4.15028575","2007/05/13 00:00:00","2022/12/04 22:50:00","0","No obvious issues","RWS daylight-saving conversion","Source-wide concern; not individually revalidated","Repository diagnosis: fixed CET subtraction leaves summer timestamps 1 h ahead of UTC; winter timestamps already UTC. Cadzand is the documented test case. Does not apply to rws_hist.","","Confirm the scope of the 4.1 timestamp correction and document conversion rules, timestamp convention and old-to-new record mapping.","https://github.com/openwatersio/tide-database/issues/98","","No 4.1 record within 1 km","Absent from 4.1 metadata; offshore platform","https://gesla787883612.wordpress.com/downloads/ (GESLA-4.1 metadata CSV)"
"platform_j6-j6-nld-rws","Platform_J6","J6","NLD","rws","53.81663254","2.9500095","2009/02/01 13:40:00","2023/12/31 22:50:00","0","No obvious issues","RWS daylight-saving conversion","Source-wide concern; not individually revalidated","Repository diagnosis: fixed CET subtraction leaves summer timestamps 1 h ahead of UTC; winter timestamps already UTC. Cadzand is the documented test case. Does not apply to rws_hist.","","Confirm the scope of the 4.1 timestamp correction and document conversion rules, timestamp convention and old-to-new record mapping.","https://github.com/openwatersio/tide-database/issues/98","","No 4.1 record within 1 km","Absent from 4.1 metadata; offshore platform","https://gesla787883612.wordpress.com/downloads/ (GESLA-4.1 metadata CSV)"
"schaar_van_de_noord-schaarvdnd-nld-rws","Schaar_van_de_Noord","SCHAARVDND","NLD","rws","51.37786806","4.16499237","1997/11/19 23:00:00","2023/12/31 22:50:00","0","No obvious issues","RWS daylight-saving conversion","Source-wide concern; not individually revalidated","Repository diagnosis: fixed CET subtraction leaves summer timestamps 1 h ahead of UTC; winter timestamps already UTC. Cadzand is the documented test case. Does not apply to rws_hist.","","Confirm the scope of the 4.1 timestamp correction and document conversion rules, timestamp convention and old-to-new record mapping.","https://github.com/openwatersio/tide-database/issues/98","schaar_van_de_noord-sch-nld-rws","DST error removed: winter unchanged, summer moved back 1 h","old minus new: +0.00 h winter, +1.00 h summer (M2, 2019); 4.1 record schaar_van_de_noord-sch-nld-rws","https://uhslc.soest.hawaii.edu/erddap/tabledap/global_hourly_gesla.html"
"scheveningen-schevngn-nld-rws","Scheveningen","SCHEVNGN","NLD","rws","52.09903557","4.2635626","1946/01/01 01:40:00","2022/12/30 22:50:00","0","No obvious issues","RWS daylight-saving conversion","Source-wide concern; not individually revalidated","Repository diagnosis: fixed CET subtraction leaves summer timestamps 1 h ahead of UTC; winter timestamps already UTC. Cadzand is the documented test case. Does not apply to rws_hist.","","Confirm the scope of the 4.1 timestamp correction and document conversion rules, timestamp convention and old-to-new record mapping.","https://github.com/openwatersio/tide-database/issues/98","scheveningen-sch-nld-rws","DST error removed: winter unchanged, summer moved back 1 h","old minus new: +0.00 h winter, +1.00 h summer (M2, 1993); 4.1 record scheveningen-sch-nld-rws","https://uhslc.soest.hawaii.edu/erddap/tabledap/global_hourly_gesla.html"
"schiermonnikoog-schiermnog-nld-rws","Schiermonnikoog","SCHIERMNOG","NLD","rws","53.46893764","6.20290773","1970/12/31 23:00:00","2022/12/30 22:50:00","0","No obvious issues","RWS daylight-saving conversion","Source-wide concern; not individually revalidated","Repository diagnosis: fixed CET subtraction leaves summer timestamps 1 h ahead of UTC; winter timestamps already UTC. Cadzand is the documented test case. Does not apply to rws_hist.","","Confirm the scope of the 4.1 timestamp correction and document conversion rules, timestamp convention and old-to-new record mapping.","https://github.com/openwatersio/tide-database/issues/98","schiermonnikoog_waddenzee-sch-nld-rws","DST error removed: winter unchanged, summer moved back 1 h","old minus new: +0.00 h winter, +1.00 h summer (M2, 1988); 4.1 record schiermonnikoog_waddenzee-sch-nld-rws","https://uhslc.soest.hawaii.edu/erddap/tabledap/global_hourly_gesla.html"
"schoonhoven-schoonhvn-nld-rws","Schoonhoven","SCHOONHVN","NLD","rws","51.94309134","4.85127076","1876/01/01 06:59:32","2022/12/30 22:50:00","0","No obvious issues","RWS daylight-saving conversion","Source-wide concern; not individually revalidated","Repository diagnosis: fixed CET subtraction leaves summer timestamps 1 h ahead of UTC; winter timestamps already UTC. Cadzand is the documented test case. Does not apply to rws_hist.","","Confirm the scope of the 4.1 timestamp correction and document conversion rules, timestamp convention and old-to-new record mapping.","https://github.com/openwatersio/tide-database/issues/98","schoonhoven-sch-nld-rws","DST error removed: winter unchanged, summer moved back 1 h","old minus new: +0.00 h winter, +1.00 h summer (M2, 1987); 4.1 record schoonhoven-sch-nld-rws","https://uhslc.soest.hawaii.edu/erddap/tabledap/global_hourly_gesla.html"
"sint_annaland_haven_steiger-sintanlhvsgr-nld-rws","Sint_Annaland_Haven_Steiger","SINTANLHVSGR","NLD","rws","51.60359595","4.10958606","2021/12/31 23:10:00","2023/12/31 22:50:00","0","No obvious issues","RWS daylight-saving conversion","Source-wide concern; not individually revalidated","Repository diagnosis: fixed CET subtraction leaves summer timestamps 1 h ahead of UTC; winter timestamps already UTC. Cadzand is the documented test case. Does not apply to rws_hist.","","Confirm the scope of the 4.1 timestamp correction and document conversion rules, timestamp convention and old-to-new record mapping.","https://github.com/openwatersio/tide-database/issues/98","sint_annaland_haven_steiger-sin-nld-rws","DST error removed: winter unchanged, summer moved back 1 h","old minus new: +0.00 h winter, +1.00 h summer (M2, 2022); 4.1 record sint_annaland_haven_steiger-sin-nld-rws","https://uhslc.soest.hawaii.edu/erddap/tabledap/global_hourly_gesla.html"
"spijkenisse-spijknse-nld-rws","Spijkenisse","SPIJKNSE","NLD","rws","51.86166146","4.33395408","1970/12/31 23:00:00","2022/12/30 22:50:00","0","No obvious issues","RWS daylight-saving conversion","Source-wide concern; not individually revalidated","Repository diagnosis: fixed CET subtraction leaves summer timestamps 1 h ahead of UTC; winter timestamps already UTC. Cadzand is the documented test case. Does not apply to rws_hist.","","Confirm the scope of the 4.1 timestamp correction and document conversion rules, timestamp convention and old-to-new record mapping.","https://github.com/openwatersio/tide-database/issues/98","spijkenisse_oude_maas-spi-nld-rws","DST error removed: winter unchanged, summer moved back 1 h","old minus new: +0.00 h winter, +1.00 h summer (M2, 1987); 4.1 record spijkenisse_oude_maas-spi-nld-rws","https://uhslc.soest.hawaii.edu/erddap/tabledap/global_hourly_gesla.html"
"stavenisse-stavnse-nld-rws","Stavenisse","STAVNSE","NLD","rws","51.59540662","4.00601046","1970/12/31 23:00:00","2022/12/30 22:50:00","0","No obvious issues","RWS daylight-saving conversion","Source-wide concern; not individually revalidated","Repository diagnosis: fixed CET subtraction leaves summer timestamps 1 h ahead of UTC; winter timestamps already UTC. Cadzand is the documented test case. Does not apply to rws_hist.","","Confirm the scope of the 4.1 timestamp correction and document conversion rules, timestamp convention and old-to-new record mapping.","https://github.com/openwatersio/tide-database/issues/98","stavenisse-sta-nld-rws","DST error removed: winter unchanged, summer moved back 1 h","old minus new: +0.00 h winter, +1.00 h summer (M2, 1986); 4.1 record stavenisse-sta-nld-rws","https://uhslc.soest.hawaii.edu/erddap/tabledap/global_hourly_gesla.html"
"stellendam_buiten-stelldbtn-nld-rws","Stellendam_buiten","STELLDBTN","NLD","rws","51.8270285","4.0334445","1984/08/22 13:00:00","2023/12/30 22:50:00","0","Possible quality control issues","RWS daylight-saving conversion","Source-wide concern; not individually revalidated","Repository diagnosis: fixed CET subtraction leaves summer timestamps 1 h ahead of UTC; winter timestamps already UTC. Cadzand is the documented test case. Does not apply to rws_hist.","","Confirm the scope of the 4.1 timestamp correction and document conversion rules, timestamp convention and old-to-new record mapping.","https://github.com/openwatersio/tide-database/issues/98","stellendam_buitenhaven-ste-nld-rws","DST error removed: winter unchanged, summer moved back 1 h","old minus new: +0.00 h winter, +1.00 h summer (M2, 2022); 4.1 record stellendam_buitenhaven-ste-nld-rws","https://uhslc.soest.hawaii.edu/erddap/tabledap/global_hourly_gesla.html"
"suurhofbrug_noordzijde-suurhbnzde-nld-rws","Suurhofbrug_noordzijde","SUURHBNZDE","NLD","rws","51.93768728","4.10723405","1999/12/21 23:00:00","2013/12/31 22:00:00","0","No obvious issues","RWS daylight-saving conversion","Source-wide concern; not individually revalidated","Repository diagnosis: fixed CET subtraction leaves summer timestamps 1 h ahead of UTC; winter timestamps already UTC. Cadzand is the documented test case. Does not apply to rws_hist.","","Confirm the scope of the 4.1 timestamp correction and document conversion rules, timestamp convention and old-to-new record mapping.","https://github.com/openwatersio/tide-database/issues/98","suurhofbrug_noordzijde-suu-nld-rws","DST error removed: winter unchanged, summer moved back 1 h","old minus new: -0.01 h winter, +0.99 h summer (M2, 2012); 4.1 record suurhofbrug_noordzijde-suu-nld-rws","https://uhslc.soest.hawaii.edu/erddap/tabledap/global_hourly_gesla.html"
"terneuzen-ternzn-nld-rws","Terneuzen","TERNZN","NLD","rws","51.33621206","3.81981192","1930/10/01 01:59:32","2022/12/30 22:50:00","0","No obvious issues","RWS daylight-saving conversion","Source-wide concern; not individually revalidated","Repository diagnosis: fixed CET subtraction leaves summer timestamps 1 h ahead of UTC; winter timestamps already UTC. Cadzand is the documented test case. Does not apply to rws_hist.","","Confirm the scope of the 4.1 timestamp correction and document conversion rules, timestamp convention and old-to-new record mapping.","https://github.com/openwatersio/tide-database/issues/98","terneuzen-ter-nld-rws","DST error removed: winter unchanged, summer moved back 1 h","old minus new: +0.00 h winter, +1.00 h summer (M2, 1993); 4.1 record terneuzen-ter-nld-rws","https://uhslc.soest.hawaii.edu/erddap/tabledap/global_hourly_gesla.html"
"terschelling_noordzee-terslnze-nld-rws","Terschelling_Noordzee","TERSLNZE","NLD","rws","53.44248637","5.33303331","2009/12/30 23:00:00","2022/12/30 22:50:00","0","No obvious issues","RWS daylight-saving conversion","Source-wide concern; not individually revalidated","Repository diagnosis: fixed CET subtraction leaves summer timestamps 1 h ahead of UTC; winter timestamps already UTC. Cadzand is the documented test case. Does not apply to rws_hist.","","Confirm the scope of the 4.1 timestamp correction and document conversion rules, timestamp convention and old-to-new record mapping.","https://github.com/openwatersio/tide-database/issues/98","terschelling_noordzee-ter-nld-rws","Record renamed or merged in 4.1; 4.0 record too short to test","terschelling_noordzee-ter-nld-rws (1989/02/28..2026/07/12, 0.0 km)","https://uhslc.soest.hawaii.edu/erddap/tabledap/global_hourly_gesla.html"
"texel_noordzee-texnze-nld-rws","Texel_Noordzee","TEXNZE","NLD","rws","53.12061182","4.73319279","2009/12/30 23:00:00","2022/12/30 22:50:00","0","No obvious issues","RWS daylight-saving conversion","Source-wide concern; not individually revalidated","Repository diagnosis: fixed CET subtraction leaves summer timestamps 1 h ahead of UTC; winter timestamps already UTC. Cadzand is the documented test case. Does not apply to rws_hist.","","Confirm the scope of the 4.1 timestamp correction and document conversion rules, timestamp convention and old-to-new record mapping.","https://github.com/openwatersio/tide-database/issues/98","texel_noordzee-tex-nld-rws","Record renamed or merged in 4.1; 4.0 record too short to test","texel_noordzee-tex-nld-rws (1989/05/31..2026/07/11, 0.0 km)","https://uhslc.soest.hawaii.edu/erddap/tabledap/global_hourly_gesla.html"
"vlissingen-vlis-nld-rws","Vlissingen","VLIS","NLD","rws","51.44296113","3.5974","2023/04/25 11:30:00","2025/07/17 23:40:00","0","No obvious issues","RWS daylight-saving conversion","Source-wide concern; not individually revalidated","Repository diagnosis: fixed CET subtraction leaves summer timestamps 1 h ahead of UTC; winter timestamps already UTC. Cadzand is the documented test case. Does not apply to rws_hist.","","Confirm the scope of the 4.1 timestamp correction and document conversion rules, timestamp convention and old-to-new record mapping.","https://github.com/openwatersio/tide-database/issues/98","vlissingen-vli-nld-rws","Record renamed or merged in 4.1; 4.0 record too short to test","vlissingen-vli-nld-rws (1863/09/01..2026/07/11, 0.21 km)","https://uhslc.soest.hawaii.edu/erddap/tabledap/global_hourly_gesla.html"
"walsoorden-walsodn-nld-rws","Walsoorden","WALSODN","NLD","rws","51.39842692","4.02620594","1991/04/15 00:00:00","2021/12/31 22:50:00","0","No obvious issues","RWS daylight-saving conversion","Source-wide concern; not individually revalidated","Repository diagnosis: fixed CET subtraction leaves summer timestamps 1 h ahead of UTC; winter timestamps already UTC. Cadzand is the documented test case. Does not apply to rws_hist.","","Confirm the scope of the 4.1 timestamp correction and document conversion rules, timestamp convention and old-to-new record mapping.","https://github.com/openwatersio/tide-database/issues/98","walsoorden-wal-nld-rws","DST error removed: winter unchanged, summer moved back 1 h","old minus new: +0.00 h winter, +1.00 h summer (M2, 2020); 4.1 record walsoorden-wal-nld-rws","https://uhslc.soest.hawaii.edu/erddap/tabledap/global_hourly_gesla.html"
"werkendam_buiten-werkdbtn-nld-rws","Werkendam_buiten","WERKDBTN","NLD","rws","51.80604117","4.87682445","1970/10/31 23:00:00","2022/12/30 22:50:00","0","No obvious issues","RWS daylight-saving conversion","Source-wide concern; not individually revalidated","Repository diagnosis: fixed CET subtraction leaves summer timestamps 1 h ahead of UTC; winter timestamps already UTC. Cadzand is the documented test case. Does not apply to rws_hist.","","Confirm the scope of the 4.1 timestamp correction and document conversion rules, timestamp convention and old-to-new record mapping.","https://github.com/openwatersio/tide-database/issues/98","werkendam_nieuwe_merwede-wer-nld-rws","DST error removed: winter unchanged, summer moved back 1 h","old minus new: +0.00 h winter, +1.00 h summer (M2, 1992); 4.1 record werkendam_nieuwe_merwede-wer-nld-rws","https://uhslc.soest.hawaii.edu/erddap/tabledap/global_hourly_gesla.html"
"west_terschelling-westtslg-nld-rws","West_Terschelling","WESTTSLG","NLD","rws","53.3630453","5.22002588","1928/02/01 00:59:32","2022/12/30 22:50:00","0","No obvious issues","RWS daylight-saving conversion","Source-wide concern; not individually revalidated","Repository diagnosis: fixed CET subtraction leaves summer timestamps 1 h ahead of UTC; winter timestamps already UTC. Cadzand is the documented test case. Does not apply to rws_hist.","","Confirm the scope of the 4.1 timestamp correction and document conversion rules, timestamp convention and old-to-new record mapping.","https://github.com/openwatersio/tide-database/issues/98","terschelling_west-ter-nld-rws","DST error removed: winter unchanged, summer moved back 1 h","old minus new: +0.00 h winter, +1.00 h summer (M2, 1987); 4.1 record terschelling_west-ter-nld-rws","https://uhslc.soest.hawaii.edu/erddap/tabledap/global_hourly_gesla.html"
"westkapelle-westkple-nld-rws","Westkapelle","WESTKPLE","NLD","rws","51.52144786","3.44003089","1970/12/31 23:00:00","2022/12/30 22:50:00","0","No obvious issues","RWS daylight-saving conversion","Source-wide concern; not individually revalidated","Repository diagnosis: fixed CET subtraction leaves summer timestamps 1 h ahead of UTC; winter timestamps already UTC. Cadzand is the documented test case. Does not apply to rws_hist.","","Confirm the scope of the 4.1 timestamp correction and document conversion rules, timestamp convention and old-to-new record mapping.","https://github.com/openwatersio/tide-database/issues/98","westkapelle-wes-nld-rws","DST error removed: winter unchanged, summer moved back 1 h","old minus new: +0.00 h winter, +1.00 h summer (M2, 1993); 4.1 record westkapelle-wes-nld-rws","https://uhslc.soest.hawaii.edu/erddap/tabledap/global_hourly_gesla.html"
"wierumergronden-wiermgdn-nld-rws","Wierumergronden","WIERMGDN","NLD","rws","53.51582689","5.95826067","1980/12/31 23:00:00","2022/12/30 22:50:00","0","No obvious issues","RWS daylight-saving conversion","Source-wide concern; not individually revalidated","Repository diagnosis: fixed CET subtraction leaves summer timestamps 1 h ahead of UTC; winter timestamps already UTC. Cadzand is the documented test case. Does not apply to rws_hist.","","Confirm the scope of the 4.1 timestamp correction and document conversion rules, timestamp convention and old-to-new record mapping.","https://github.com/openwatersio/tide-database/issues/98","wierumergronden-wie-nld-rws","DST error removed: winter unchanged, summer moved back 1 h","old minus new: +0.00 h winter, +1.00 h summer (M2, 1986); 4.1 record wierumergronden-wie-nld-rws","https://uhslc.soest.hawaii.edu/erddap/tabledap/global_hourly_gesla.html"
"yerseke-yerske-nld-rws","Yerseke","YERSKE","NLD","rws","51.50615366","4.07513028","1985/12/31 23:00:00","2023/12/31 22:50:00","0","No obvious issues","RWS daylight-saving conversion","Source-wide concern; not individually revalidated","Repository diagnosis: fixed CET subtraction leaves summer timestamps 1 h ahead of UTC; winter timestamps already UTC. Cadzand is the documented test case. Does not apply to rws_hist.","","Confirm the scope of the 4.1 timestamp correction and document conversion rules, timestamp convention and old-to-new record mapping.","https://github.com/openwatersio/tide-database/issues/98","yerseke-yer-nld-rws","DST error removed: winter unchanged, summer moved back 1 h","old minus new: -0.00 h winter, +1.00 h summer (M2, 2022); 4.1 record yerseke-yer-nld-rws","https://uhslc.soest.hawaii.edu/erddap/tabledap/global_hourly_gesla.html"
"zeelandbrug_noord-zeelbnd-nld-rws","Zeelandbrug_noord","ZEELBND","NLD","rws","51.62668303","3.90972832","1981/12/31 23:00:00","1991/02/27 09:00:00","0","No obvious issues","RWS daylight-saving conversion","Source-wide concern; not individually revalidated","Repository diagnosis: fixed CET subtraction leaves summer timestamps 1 h ahead of UTC; winter timestamps already UTC. Cadzand is the documented test case. Does not apply to rws_hist.","","Confirm the scope of the 4.1 timestamp correction and document conversion rules, timestamp convention and old-to-new record mapping.","https://github.com/openwatersio/tide-database/issues/98","zeelandbrug_noord-zee-nld-rws","DST error removed: winter unchanged, summer moved back 1 h","old minus new: +0.00 h winter, +1.00 h summer (M2, 1990); 4.1 record zeelandbrug_noord-zee-nld-rws","https://uhslc.soest.hawaii.edu/erddap/tabledap/global_hourly_gesla.html"
"altengamme-5930070-deu-wsv","Altengamme","5930070","DEU","wsv","53.430842","10.29678809","2000/01/01 01:00:00","2025/07/12 19:00:00","0","No obvious issues","WSV timestamp reference","Source-wide concern; not individually revalidated","Repository diagnosis: German legal time (CET/CEST) labeled UTC; expected timestamp offset 1 h in winter and 2 h in summer. Header timezone copied from GESLA metadata.","","Confirm the scope of the 4.1 timestamp correction and document conversion rules, timestamp convention and old-to-new record mapping.","https://github.com/openwatersio/tide-database/issues/96","altengamme-5930070-deu-wsv","Not individually tested; same pattern in all 64 testable WSV records","See release-4.1-review.md","https://gesla787883612.wordpress.com/downloads/ (GESLA-4.1 zip)"
"althagen-9650024-deu-wsv","Althagen","9650024","DEU","wsv","54.37175626","12.41895704","2000/01/01 01:00:00","2025/07/12 21:00:00","0","No obvious issues","WSV timestamp reference","Source-wide concern; not individually revalidated","Repository diagnosis: German legal time (CET/CEST) labeled UTC; expected timestamp offset 1 h in winter and 2 h in summer. Header timezone copied from GESLA metadata.","","Confirm the scope of the 4.1 timestamp correction and document conversion rules, timestamp convention and old-to-new record mapping.","https://github.com/openwatersio/tide-database/issues/96","althagen-9650024-deu-wsv","Tested; tide too small to resolve timing","M2 amplitude 0.001 m; old minus new: +1.50 h winter, +2.67 h summer (M2, 2022)","https://gesla787883612.wordpress.com/downloads/ (GESLA-4.1 zip)"
"anklam-9660001-deu-wsv","Anklam","9660001","DEU","wsv","53.86275437","13.7042766","2000/01/01 01:00:00","2025/07/12 22:00:00","0","No obvious issues","WSV timestamp reference","Source-wide concern; not individually revalidated","Repository diagnosis: German legal time (CET/CEST) labeled UTC; expected timestamp offset 1 h in winter and 2 h in summer. Header timezone copied from GESLA metadata.","","Confirm the scope of the 4.1 timestamp correction and document conversion rules, timestamp convention and old-to-new record mapping.","https://github.com/openwatersio/tide-database/issues/96","anklam-9660001-deu-wsv","Tested; tide too small to resolve timing","M2 amplitude 0.001 m; old minus new: +2.04 h winter, +2.68 h summer (M2, 2022)","https://gesla787883612.wordpress.com/downloads/ (GESLA-4.1 zip)"
"bakea-9510063-deu-wsv","Bakea","9510063","DEU","wsv","53.98602701","8.31610705","2000/01/01 01:00:00","2025/07/12 22:00:00","0","No obvious issues","WSV timestamp reference","Source-wide concern; not individually revalidated","Repository diagnosis: German legal time (CET/CEST) labeled UTC; expected timestamp offset 1 h in winter and 2 h in summer. Header timezone copied from GESLA metadata.","","Confirm the scope of the 4.1 timestamp correction and document conversion rules, timestamp convention and old-to-new record mapping.","https://github.com/openwatersio/tide-database/issues/96","bakea-9510063-deu-wsv","UTC conversion verified; 30 min early (hourly mean stamped at interval start)","old minus new: +1.49 h winter, +2.49 h summer (M2, 2022); M2 amplitude 1.456 to 1.434 m","https://uhslc.soest.hawaii.edu/erddap/tabledap/global_hourly_gesla.html"
"bakez-9510066-deu-wsv","Bakez","9510066","DEU","wsv","54.01512816","8.31556883","1970/01/01 01:00:00","2025/07/12 22:00:00","0","No obvious issues","WSV timestamp reference","Source-wide concern; not individually revalidated","Repository diagnosis: German legal time (CET/CEST) labeled UTC; expected timestamp offset 1 h in winter and 2 h in summer. Header timezone copied from GESLA metadata.","","Confirm the scope of the 4.1 timestamp correction and document conversion rules, timestamp convention and old-to-new record mapping.","https://github.com/openwatersio/tide-database/issues/96","bakez-9510066-deu-wsv","Tested; result irregular, see evidence","old minus new: -1.37 h winter, -4.95 h summer (M2, 2022); M2 amplitude 0.741 to 1.366 m","https://uhslc.soest.hawaii.edu/erddap/tabledap/global_hourly_gesla.html"
"barhft-9650040-deu-wsv","Barhft","9650040","DEU","wsv","54.43453389","13.03221899","2000/01/01 01:00:00","2025/07/12 21:00:00","0","No obvious issues","WSV timestamp reference","Source-wide concern; not individually revalidated","Repository diagnosis: German legal time (CET/CEST) labeled UTC; expected timestamp offset 1 h in winter and 2 h in summer. Header timezone copied from GESLA metadata.","","Confirm the scope of the 4.1 timestamp correction and document conversion rules, timestamp convention and old-to-new record mapping.","https://github.com/openwatersio/tide-database/issues/96","barhft-9650040-deu-wsv","Tested; tide too small to resolve timing","M2 amplitude 0.009 m; old minus new: +1.47 h winter, +2.49 h summer (M2, 2022)","https://gesla787883612.wordpress.com/downloads/ (GESLA-4.1 zip)"
"barth-9650030-deu-wsv","Barth","9650030","DEU","wsv","54.37121943","12.72321171","2000/01/01 01:00:00","2025/07/12 22:00:00","0","No obvious issues","WSV timestamp reference","Source-wide concern; not individually revalidated","Repository diagnosis: German legal time (CET/CEST) labeled UTC; expected timestamp offset 1 h in winter and 2 h in summer. Header timezone copied from GESLA metadata.","","Confirm the scope of the 4.1 timestamp correction and document conversion rules, timestamp convention and old-to-new record mapping.","https://github.com/openwatersio/tide-database/issues/96","barth-9650030-deu-wsv","Tested; tide too small to resolve timing","M2 amplitude 0.003 m; old minus new: +1.25 h winter, +2.58 h summer (M2, 2022)","https://gesla787883612.wordpress.com/downloads/ (GESLA-4.1 zip)"
"belum-5980060-deu-wsv","Belum","5980060","DEU","wsv","53.82434965","9.03821185","2000/01/01 01:00:00","2025/07/12 23:00:00","0","No obvious issues","WSV timestamp reference","Source-wide concern; not individually revalidated","Repository diagnosis: German legal time (CET/CEST) labeled UTC; expected timestamp offset 1 h in winter and 2 h in summer. Header timezone copied from GESLA metadata.","","Confirm the scope of the 4.1 timestamp correction and document conversion rules, timestamp convention and old-to-new record mapping.","https://github.com/openwatersio/tide-database/issues/96","belum-5980060-deu-wsv","Not individually tested; same pattern in all 64 testable WSV records","See release-4.1-review.md","https://gesla787883612.wordpress.com/downloads/ (GESLA-4.1 zip)"
"bhvalterleuchtturm-4990010-deu-wsv","Bhvalterleuchtturm","4990010","DEU","wsv","53.54651064","8.56917898","2000/01/01 01:00:00","2025/07/13 13:00:00","0","No obvious issues","WSV timestamp reference","Source-wide concern; not individually revalidated","Repository diagnosis: German legal time (CET/CEST) labeled UTC; expected timestamp offset 1 h in winter and 2 h in summer. Header timezone copied from GESLA metadata.","","Confirm the scope of the 4.1 timestamp correction and document conversion rules, timestamp convention and old-to-new record mapping.","https://github.com/openwatersio/tide-database/issues/96","bhvalterleuchtturm-4990010-deu-wsv","Not individually tested; same pattern in all 64 testable WSV records","See release-4.1-review.md","https://gesla787883612.wordpress.com/downloads/ (GESLA-4.1 zip)"
"borgfeld-4940010-deu-wsv","Borgfeld","4940010","DEU","wsv","53.13547704","8.8954552","2000/01/01 01:00:00","2025/07/13 15:00:00","0","No obvious issues","WSV timestamp reference","Source-wide concern; not individually revalidated","Repository diagnosis: German legal time (CET/CEST) labeled UTC; expected timestamp offset 1 h in winter and 2 h in summer. Header timezone copied from GESLA metadata.","","Confirm the scope of the 4.1 timestamp correction and document conversion rules, timestamp convention and old-to-new record mapping.","https://github.com/openwatersio/tide-database/issues/96","borgfeld-4940010-deu-wsv","UTC conversion verified; 30 min early (hourly mean stamped at interval start)","old minus new: +1.51 h winter, +2.49 h summer (M2, 2022); M2 amplitude 0.236 to 0.231 m","https://uhslc.soest.hawaii.edu/erddap/tabledap/global_hourly_gesla.html"
"borkumfischerbalje-9340020-deu-wsv","Borkumfischerbalje","9340020","DEU","wsv","53.55898926","6.74860126","2000/01/01 01:00:00","2025/07/13 13:00:00","0","No obvious issues","WSV timestamp reference","Source-wide concern; not individually revalidated","Repository diagnosis: German legal time (CET/CEST) labeled UTC; expected timestamp offset 1 h in winter and 2 h in summer. Header timezone copied from GESLA metadata.","","Confirm the scope of the 4.1 timestamp correction and document conversion rules, timestamp convention and old-to-new record mapping.","https://github.com/openwatersio/tide-database/issues/96","borkumfischerbalje-9340020-deu-wsv","UTC conversion verified; 30 min early (hourly mean stamped at interval start)","old minus new: +1.49 h winter, +2.49 h summer (M2, 2022); M2 amplitude 1.094 to 1.082 m; vs borkum_fischerbalje-bor-deu-bfg in 4.1: -0.49 h winter, -0.49 h summer","https://uhslc.soest.hawaii.edu/erddap/tabledap/global_hourly_gesla.html"
"borkumsdstrand-9340030-deu-wsv","Borkumsdstrand","9340030","DEU","wsv","53.57841523","6.66210666","2000/01/03 11:00:00","2025/07/13 13:00:00","0","No obvious issues","WSV timestamp reference","Source-wide concern; not individually revalidated","Repository diagnosis: German legal time (CET/CEST) labeled UTC; expected timestamp offset 1 h in winter and 2 h in summer. Header timezone copied from GESLA metadata.","","Confirm the scope of the 4.1 timestamp correction and document conversion rules, timestamp convention and old-to-new record mapping.","https://github.com/openwatersio/tide-database/issues/96","borkumsdstrand-9340030-deu-wsv","UTC conversion verified; 30 min early (hourly mean stamped at interval start)","old minus new: +1.49 h winter, +2.49 h summer (M2, 2022); M2 amplitude 1.075 to 1.064 m","https://uhslc.soest.hawaii.edu/erddap/tabledap/global_hourly_gesla.html"
"brake-4970020-deu-wsv","Brake","4970020","DEU","wsv","53.31750477","8.48752357","2000/01/01 01:00:00","2025/07/13 13:00:00","0","No obvious issues","WSV timestamp reference","Source-wide concern; not individually revalidated","Repository diagnosis: German legal time (CET/CEST) labeled UTC; expected timestamp offset 1 h in winter and 2 h in summer. Header timezone copied from GESLA metadata.","","Confirm the scope of the 4.1 timestamp correction and document conversion rules, timestamp convention and old-to-new record mapping.","https://github.com/openwatersio/tide-database/issues/96","brake-4970020-deu-wsv","UTC conversion verified; 30 min early (hourly mean stamped at interval start)","old minus new: +1.49 h winter, +2.49 h summer (M2, 2022); M2 amplitude 1.786 to 1.769 m","https://gesla787883612.wordpress.com/downloads/ (GESLA-4.1 zip)"
"breitenberg-5970038-deu-wsv","Breitenberg","5970038","DEU","wsv","53.92767536","9.63230718","2000/01/01 01:00:00","2025/07/12 22:00:00","0","No obvious issues","WSV timestamp reference","Source-wide concern; not individually revalidated","Repository diagnosis: German legal time (CET/CEST) labeled UTC; expected timestamp offset 1 h in winter and 2 h in summer. Header timezone copied from GESLA metadata.","","Confirm the scope of the 4.1 timestamp correction and document conversion rules, timestamp convention and old-to-new record mapping.","https://github.com/openwatersio/tide-database/issues/96","breitenberg-5970038-deu-wsv","Not individually tested; same pattern in all 64 testable WSV records","See release-4.1-review.md","https://gesla787883612.wordpress.com/downloads/ (GESLA-4.1 zip)"
"bremervrdeuw-5980010-deu-wsv","Bremervrdeuw","5980010","DEU","wsv","53.48566617","9.15587598","2000/01/01 01:00:00","2025/07/13 00:00:00","0","No obvious issues","WSV timestamp reference","Source-wide concern; not individually revalidated","Repository diagnosis: German legal time (CET/CEST) labeled UTC; expected timestamp offset 1 h in winter and 2 h in summer. Header timezone copied from GESLA metadata.","","Confirm the scope of the 4.1 timestamp correction and document conversion rules, timestamp convention and old-to-new record mapping.","https://github.com/openwatersio/tide-database/issues/96","bremervrdeuw-5980010-deu-wsv","Not individually tested; same pattern in all 64 testable WSV records","See release-4.1-review.md","https://gesla787883612.wordpress.com/downloads/ (GESLA-4.1 zip)"
"brokdorf-5970050-deu-wsv","Brokdorf","5970050","DEU","wsv","53.86269957","9.31601939","2000/01/01 01:00:00","2025/07/12 19:00:00","0","No obvious issues","WSV timestamp reference","Source-wide concern; not individually revalidated","Repository diagnosis: German legal time (CET/CEST) labeled UTC; expected timestamp offset 1 h in winter and 2 h in summer. Header timezone copied from GESLA metadata.","","Confirm the scope of the 4.1 timestamp correction and document conversion rules, timestamp convention and old-to-new record mapping.","https://github.com/openwatersio/tide-database/issues/96","brokdorf-5970050-deu-wsv","UTC conversion verified; 30 min early (hourly mean stamped at interval start)","old minus new: +1.49 h winter, +2.49 h summer (M2, 2022); M2 amplitude 1.280 to 1.267 m","https://gesla787883612.wordpress.com/downloads/ (GESLA-4.1 zip)"
"brunsbttelmpm-5970094-deu-wsv","Brunsbttelmpm","5970094","DEU","wsv","53.88939866","9.14984471","2018/09/13 14:00:00","2025/07/12 20:00:00","0","No obvious issues","WSV timestamp reference","Source-wide concern; not individually revalidated","Repository diagnosis: German legal time (CET/CEST) labeled UTC; expected timestamp offset 1 h in winter and 2 h in summer. Header timezone copied from GESLA metadata.","","Confirm the scope of the 4.1 timestamp correction and document conversion rules, timestamp convention and old-to-new record mapping.","https://github.com/openwatersio/tide-database/issues/96","brunsbttelmpm-5970094-deu-wsv","Not individually tested; same pattern in all 64 testable WSV records","See release-4.1-review.md","https://gesla787883612.wordpress.com/downloads/ (GESLA-4.1 zip)"
"bsum-9510095-deu-wsv","Bsum","9510095","DEU","wsv","54.1233805","8.86015778","2000/01/01 01:00:00","2025/07/12 22:00:00","0","No obvious issues","WSV timestamp reference","Source-wide concern; not individually revalidated","Repository diagnosis: German legal time (CET/CEST) labeled UTC; expected timestamp offset 1 h in winter and 2 h in summer. Header timezone copied from GESLA metadata.","","Confirm the scope of the 4.1 timestamp correction and document conversion rules, timestamp convention and old-to-new record mapping.","https://github.com/openwatersio/tide-database/issues/96","bsum-9510095-deu-wsv","UTC conversion verified; 30 min early (hourly mean stamped at interval start)","old minus new: +1.49 h winter, +2.49 h summer (M2, 2022); M2 amplitude 1.547 to 1.532 m; vs buesumtg-bue-deu-cmems in 4.1: -0.49 h winter, -0.49 h summer","https://uhslc.soest.hawaii.edu/erddap/tabledap/global_hourly_gesla.html"
"buttelerhrne-4960060-deu-wsv","Buttelerhrne","4960060","DEU","wsv","53.18141231","8.41358596","2000/01/01 01:00:00","2025/07/13 14:00:00","0","No obvious issues","WSV timestamp reference","Source-wide concern; not individually revalidated","Repository diagnosis: German legal time (CET/CEST) labeled UTC; expected timestamp offset 1 h in winter and 2 h in summer. Header timezone copied from GESLA metadata.","","Confirm the scope of the 4.1 timestamp correction and document conversion rules, timestamp convention and old-to-new record mapping.","https://github.com/openwatersio/tide-database/issues/96","buttelerhrne-4960060-deu-wsv","UTC conversion verified; 30 min early (hourly mean stamped at interval start)","old minus new: +1.50 h winter, +2.49 h summer (M2, 2022); M2 amplitude 1.159 to 1.146 m","https://uhslc.soest.hawaii.edu/erddap/tabledap/global_hourly_gesla.html"
"buxtehude-5950080-deu-wsv","Buxtehude","5950080","DEU","wsv","53.48044965","9.70336371","2000/01/01 01:00:00","2025/07/13 00:00:00","0","No obvious issues","WSV timestamp reference","Source-wide concern; not individually revalidated","Repository diagnosis: German legal time (CET/CEST) labeled UTC; expected timestamp offset 1 h in winter and 2 h in summer. Header timezone copied from GESLA metadata.","","Confirm the scope of the 4.1 timestamp correction and document conversion rules, timestamp convention and old-to-new record mapping.","https://github.com/openwatersio/tide-database/issues/96","buxtehude-5950080-deu-wsv","Not individually tested; same pattern in all 64 testable WSV records","See release-4.1-review.md","https://gesla787883612.wordpress.com/downloads/ (GESLA-4.1 zip)"
"cranz-5950070-deu-wsv","Cranz","5950070","DEU","wsv","53.53593513","9.79152582","2000/11/01 00:00:00","2025/07/12 20:00:00","0","No obvious issues","WSV timestamp reference","Source-wide concern; not individually revalidated","Repository diagnosis: German legal time (CET/CEST) labeled UTC; expected timestamp offset 1 h in winter and 2 h in summer. Header timezone copied from GESLA metadata.","","Confirm the scope of the 4.1 timestamp correction and document conversion rules, timestamp convention and old-to-new record mapping.","https://github.com/openwatersio/tide-database/issues/96","cranz-5950070-deu-wsv","Not individually tested; same pattern in all 64 testable WSV records","See release-4.1-review.md","https://gesla787883612.wordpress.com/downloads/ (GESLA-4.1 zip)"
"cuxhavensteubenhft-5990020-deu-wsv","Cuxhavensteubenhft","5990020","DEU","wsv","53.86927697","8.7184555","2000/01/01 01:00:00","2025/07/12 20:00:00","0","No obvious issues","WSV timestamp reference","Source-wide concern; not individually revalidated","Repository diagnosis: German legal time (CET/CEST) labeled UTC; expected timestamp offset 1 h in winter and 2 h in summer. Header timezone copied from GESLA metadata.","","Confirm the scope of the 4.1 timestamp correction and document conversion rules, timestamp convention and old-to-new record mapping.","https://github.com/openwatersio/tide-database/issues/96","cuxhavensteubenhft-5990020-deu-wsv","UTC conversion verified; 30 min early (hourly mean stamped at interval start)","old minus new: +1.49 h winter, +2.49 h summer (M2, 2022); M2 amplitude 1.384 to 1.370 m; vs cuxhaven-825-deu-uhslc_fd in 4.1: -0.49 h winter, -0.49 h summer","https://uhslc.soest.hawaii.edu/erddap/tabledap/global_hourly_gesla.html"
"dagebll-9570040-deu-wsv","Dagebll","9570040","DEU","wsv","54.73219748","8.6880067","2000/01/01 01:00:00","2025/07/12 21:00:00","0","No obvious issues","WSV timestamp reference","Source-wide concern; not individually revalidated","Repository diagnosis: German legal time (CET/CEST) labeled UTC; expected timestamp offset 1 h in winter and 2 h in summer. Header timezone copied from GESLA metadata.","","Confirm the scope of the 4.1 timestamp correction and document conversion rules, timestamp convention and old-to-new record mapping.","https://github.com/openwatersio/tide-database/issues/96","dagebll-9570040-deu-wsv","UTC conversion verified; 30 min early (hourly mean stamped at interval start)","old minus new: +1.49 h winter, +2.49 h summer (M2, 2022); M2 amplitude 1.273 to 1.262 m; vs dagebuelltg-dag-deu-cmems in 4.1: -0.49 h winter, -0.49 h summer","https://uhslc.soest.hawaii.edu/erddap/tabledap/global_hourly_gesla.html"
"dreyschloot-3880010-deu-wsv","Dreyschloot","3880010","DEU","wsv","53.17950228","7.66999415","2000/01/21 12:00:00","2025/07/13 14:00:00","0","No obvious issues","WSV timestamp reference","Source-wide concern; not individually revalidated","Repository diagnosis: German legal time (CET/CEST) labeled UTC; expected timestamp offset 1 h in winter and 2 h in summer. Header timezone copied from GESLA metadata.","","Confirm the scope of the 4.1 timestamp correction and document conversion rules, timestamp convention and old-to-new record mapping.","https://github.com/openwatersio/tide-database/issues/96","dreyschloot-3880010-deu-wsv","UTC conversion verified; 30 min early (hourly mean stamped at interval start)","old minus new: +1.50 h winter, +2.49 h summer (M2, 2022); M2 amplitude 0.236 to 0.234 m","https://uhslc.soest.hawaii.edu/erddap/tabledap/global_hourly_gesla.html"
"dukegat-3990020-deu-wsv","Dukegat","3990020","DEU","wsv","53.43514677","6.92694953","2000/01/13 09:00:00","2025/07/13 13:00:00","0","No obvious issues","WSV timestamp reference","Source-wide concern; not individually revalidated","Repository diagnosis: German legal time (CET/CEST) labeled UTC; expected timestamp offset 1 h in winter and 2 h in summer. Header timezone copied from GESLA metadata.","","Confirm the scope of the 4.1 timestamp correction and document conversion rules, timestamp convention and old-to-new record mapping.","https://github.com/openwatersio/tide-database/issues/96","dukegat-3990020-deu-wsv","UTC conversion verified; 30 min early (hourly mean stamped at interval start)","old minus new: +1.49 h winter, +2.49 h summer (M2, 2022); M2 amplitude 1.234 to 1.220 m","https://uhslc.soest.hawaii.edu/erddap/tabledap/global_hourly_gesla.html"
"dwarsgat-9460020-deu-wsv","Dwarsgat","9460020","DEU","wsv","53.72021153","8.30857945","2000/01/01 01:00:00","2025/07/12 23:00:00","0","No obvious issues","WSV timestamp reference","Source-wide concern; not individually revalidated","Repository diagnosis: German legal time (CET/CEST) labeled UTC; expected timestamp offset 1 h in winter and 2 h in summer. Header timezone copied from GESLA metadata.","","Confirm the scope of the 4.1 timestamp correction and document conversion rules, timestamp convention and old-to-new record mapping.","https://github.com/openwatersio/tide-database/issues/96","dwarsgat-9460020-deu-wsv","UTC conversion verified; 30 min early (hourly mean stamped at interval start)","old minus new: +1.49 h winter, +2.49 h summer (M2, 2022); M2 amplitude 1.553 to 1.536 m","https://uhslc.soest.hawaii.edu/erddap/tabledap/global_hourly_gesla.html"
"eckernfrde-9610045-deu-wsv","Eckernfrde","9610045","DEU","wsv","54.47470223","9.83599307","2000/01/01 01:00:00","2025/07/12 21:00:00","0","No obvious issues","WSV timestamp reference","Source-wide concern; not individually revalidated","Repository diagnosis: German legal time (CET/CEST) labeled UTC; expected timestamp offset 1 h in winter and 2 h in summer. Header timezone copied from GESLA metadata.","","Confirm the scope of the 4.1 timestamp correction and document conversion rules, timestamp convention and old-to-new record mapping.","https://github.com/openwatersio/tide-database/issues/96","eckernfrde-9610045-deu-wsv","Not individually tested; same pattern in all 64 testable WSV records","See release-4.1-review.md","https://gesla787883612.wordpress.com/downloads/ (GESLA-4.1 zip)"
"eidersperrwerkap-9530010-deu-wsv","Eidersperrwerkap","9530010","DEU","wsv","54.26591826","8.84211831","2000/01/01 01:00:00","2025/07/12 22:00:00","0","Possible quality control issues","WSV timestamp reference","Source-wide concern; not individually revalidated","Repository diagnosis: German legal time (CET/CEST) labeled UTC; expected timestamp offset 1 h in winter and 2 h in summer. Header timezone copied from GESLA metadata.","","Confirm the scope of the 4.1 timestamp correction and document conversion rules, timestamp convention and old-to-new record mapping.","https://github.com/openwatersio/tide-database/issues/96","eidersperrwerkap-9530010-deu-wsv","UTC conversion verified; 30 min early (hourly mean stamped at interval start)","old minus new: +1.49 h winter, +2.49 h summer (M2, 2022); M2 amplitude 1.378 to 1.366 m; vs eidersptg-eid-deu-cmems in 4.1: -0.49 h winter, -0.49 h summer","https://uhslc.soest.hawaii.edu/erddap/tabledap/global_hourly_gesla.html"
"eidersperrwerkbp-9520081-deu-wsv","Eidersperrwerkbp","9520081","DEU","wsv","54.26586489","8.84958039","2000/01/01 01:00:00","2025/07/12 20:00:00","0","No obvious issues","WSV timestamp reference","Source-wide concern; not individually revalidated","Repository diagnosis: German legal time (CET/CEST) labeled UTC; expected timestamp offset 1 h in winter and 2 h in summer. Header timezone copied from GESLA metadata.","","Confirm the scope of the 4.1 timestamp correction and document conversion rules, timestamp convention and old-to-new record mapping.","https://github.com/openwatersio/tide-database/issues/96","eidersperrwerkbp-9520081-deu-wsv","UTC conversion verified; 30 min early (hourly mean stamped at interval start)","old minus new: +1.49 h winter, +2.49 h summer (M2, 2022); M2 amplitude 0.873 to 0.864 m; vs eidersptg-eid-deu-cmems in 4.1: +0.38 h winter, +0.25 h summer","https://uhslc.soest.hawaii.edu/erddap/tabledap/global_hourly_gesla.html"
"elmshornhafen-5970022-deu-wsv","Elmshornhafen","5970022","DEU","wsv","53.75217939","9.65388878","2014/07/02 14:00:00","2025/07/13 12:00:00","0","Possible quality control issues","WSV timestamp reference","Source-wide concern; not individually revalidated","Repository diagnosis: German legal time (CET/CEST) labeled UTC; expected timestamp offset 1 h in winter and 2 h in summer. Header timezone copied from GESLA metadata.","","Confirm the scope of the 4.1 timestamp correction and document conversion rules, timestamp convention and old-to-new record mapping.","https://github.com/openwatersio/tide-database/issues/96","elmshornhafen-5970022-deu-wsv","Not individually tested; same pattern in all 64 testable WSV records","See release-4.1-review.md","https://gesla787883612.wordpress.com/downloads/ (GESLA-4.1 zip)"
"elsfleth-4970010-deu-wsv","Elsfleth","4970010","DEU","wsv","53.26546863","8.48240517","2000/01/01 01:00:00","2025/07/13 14:00:00","0","No obvious issues","WSV timestamp reference","Source-wide concern; not individually revalidated","Repository diagnosis: German legal time (CET/CEST) labeled UTC; expected timestamp offset 1 h in winter and 2 h in summer. Header timezone copied from GESLA metadata.","","Confirm the scope of the 4.1 timestamp correction and document conversion rules, timestamp convention and old-to-new record mapping.","https://github.com/openwatersio/tide-database/issues/96","elsfleth-4970010-deu-wsv","Not individually tested; same pattern in all 64 testable WSV records","See release-4.1-review.md","https://gesla787883612.wordpress.com/downloads/ (GESLA-4.1 zip)"
"elsflethohrt-4960080-deu-wsv","Elsflethohrt","4960080","DEU","wsv","53.22274096","8.46092361","2000/01/01 01:00:00","2025/07/13 14:00:00","0","No obvious issues","WSV timestamp reference","Source-wide concern; not individually revalidated","Repository diagnosis: German legal time (CET/CEST) labeled UTC; expected timestamp offset 1 h in winter and 2 h in summer. Header timezone copied from GESLA metadata.","","Confirm the scope of the 4.1 timestamp correction and document conversion rules, timestamp convention and old-to-new record mapping.","https://github.com/openwatersio/tide-database/issues/96","elsflethohrt-4960080-deu-wsv","UTC conversion verified; 30 min early (hourly mean stamped at interval start)","old minus new: +1.49 h winter, +2.49 h summer (M2, 2022); M2 amplitude 1.631 to 1.616 m","https://gesla787883612.wordpress.com/downloads/ (GESLA-4.1 zip)"
"emdenneueseeschleuse-3970010-deu-wsv","Emdenneueseeschleuse","3970010","DEU","wsv","53.33831168","7.1871312","2000/01/01 01:00:00","2025/07/13 12:00:00","0","No obvious issues","WSV timestamp reference","Source-wide concern; not individually revalidated","Repository diagnosis: German legal time (CET/CEST) labeled UTC; expected timestamp offset 1 h in winter and 2 h in summer. Header timezone copied from GESLA metadata.","","Confirm the scope of the 4.1 timestamp correction and document conversion rules, timestamp convention and old-to-new record mapping.","https://github.com/openwatersio/tide-database/issues/96","emdenneueseeschleuse-3970010-deu-wsv","UTC conversion verified; 30 min early (hourly mean stamped at interval start)","old minus new: +1.49 h winter, +2.49 h summer (M2, 2022); M2 amplitude 1.491 to 1.475 m","https://uhslc.soest.hawaii.edu/erddap/tabledap/global_hourly_gesla.html"
"emshrn-9340010-deu-wsv","Emshrn","9340010","DEU","wsv","53.49506882","6.84193406","2000/01/01 01:00:00","2025/07/13 00:00:00","0","No obvious issues","WSV timestamp reference","Source-wide concern; not individually revalidated","Repository diagnosis: German legal time (CET/CEST) labeled UTC; expected timestamp offset 1 h in winter and 2 h in summer. Header timezone copied from GESLA metadata.","","Confirm the scope of the 4.1 timestamp correction and document conversion rules, timestamp convention and old-to-new record mapping.","https://github.com/openwatersio/tide-database/issues/96","emshrn-9340010-deu-wsv","UTC conversion verified; 30 min early (hourly mean stamped at interval start)","old minus new: +1.49 h winter, +2.49 h summer (M2, 2022); M2 amplitude 1.188 to 1.175 m; vs eemsmeetpaaltg-eem-nld-cmems in 4.1: -0.43 h winter, -0.44 h summer","https://uhslc.soest.hawaii.edu/erddap/tabledap/global_hourly_gesla.html"
"esteinneressperrwerkbp-5950081-deu-wsv","Esteinneressperrwerkbp","5950081","DEU","wsv","53.53282462","9.77650088","2008/03/12 11:00:00","2025/07/13 00:00:00","0","No obvious issues","WSV timestamp reference","Source-wide concern; not individually revalidated","Repository diagnosis: German legal time (CET/CEST) labeled UTC; expected timestamp offset 1 h in winter and 2 h in summer. Header timezone copied from GESLA metadata.","","Confirm the scope of the 4.1 timestamp correction and document conversion rules, timestamp convention and old-to-new record mapping.","https://github.com/openwatersio/tide-database/issues/96","esteinneressperrwerkbp-5950081-deu-wsv","Not individually tested; same pattern in all 64 testable WSV records","See release-4.1-review.md","https://gesla787883612.wordpress.com/downloads/ (GESLA-4.1 zip)"
"fahrenholzup-5940060-deu-wsv","Fahrenholzup","5940060","DEU","wsv","53.36031253","10.31548846","2000/01/01 01:00:00","2025/07/13 12:00:00","0","No obvious issues","WSV timestamp reference","Source-wide concern; not individually revalidated","Repository diagnosis: German legal time (CET/CEST) labeled UTC; expected timestamp offset 1 h in winter and 2 h in summer. Header timezone copied from GESLA metadata.","","Confirm the scope of the 4.1 timestamp correction and document conversion rules, timestamp convention and old-to-new record mapping.","https://github.com/openwatersio/tide-database/issues/96","fahrenholzup-5940060-deu-wsv","Not individually tested; same pattern in all 64 testable WSV records","See release-4.1-review.md","https://gesla787883612.wordpress.com/downloads/ (GESLA-4.1 zip)"
"farge-4950020-deu-wsv","Farge","4950020","DEU","wsv","53.20622457","8.51118483","2000/01/01 01:00:00","2025/07/13 15:00:00","0","No obvious issues","WSV timestamp reference","Source-wide concern; not individually revalidated","Repository diagnosis: German legal time (CET/CEST) labeled UTC; expected timestamp offset 1 h in winter and 2 h in summer. Header timezone copied from GESLA metadata.","","Confirm the scope of the 4.1 timestamp correction and document conversion rules, timestamp convention and old-to-new record mapping.","https://github.com/openwatersio/tide-database/issues/96","farge-4950020-deu-wsv","UTC conversion verified; 30 min early (hourly mean stamped at interval start)","old minus new: +1.49 h winter, +2.49 h summer (M2, 2022); M2 amplitude 1.750 to 1.734 m","https://gesla787883612.wordpress.com/downloads/ (GESLA-4.1 zip)"
"flensburg-9610010-deu-wsv","Flensburg","9610010","DEU","wsv","54.79504891","9.433011","2000/01/01 01:00:00","2025/07/12 19:00:00","0","No obvious issues","WSV timestamp reference","Source-wide concern; not individually revalidated","Repository diagnosis: German legal time (CET/CEST) labeled UTC; expected timestamp offset 1 h in winter and 2 h in summer. Header timezone copied from GESLA metadata.","","Confirm the scope of the 4.1 timestamp correction and document conversion rules, timestamp convention and old-to-new record mapping.","https://github.com/openwatersio/tide-database/issues/96","flensburg-9610010-deu-wsv","Not individually tested; same pattern in all 64 testable WSV records","See release-4.1-review.md","https://gesla787883612.wordpress.com/downloads/ (GESLA-4.1 zip)"
"friedrichstadtstrassenbrcke-9520060-deu-wsv","Friedrichstadtstrassenbrcke","9520060","DEU","wsv","54.37011571","9.0956994","2000/01/01 01:00:00","2025/07/12 20:00:00","0","Possible quality control issues","WSV timestamp reference","Source-wide concern; not individually revalidated","Repository diagnosis: German legal time (CET/CEST) labeled UTC; expected timestamp offset 1 h in winter and 2 h in summer. Header timezone copied from GESLA metadata.","","Confirm the scope of the 4.1 timestamp correction and document conversion rules, timestamp convention and old-to-new record mapping.","https://github.com/openwatersio/tide-database/issues/96","friedrichstadtstrassenbrcke-9520060-deu-wsv","Not individually tested; same pattern in all 64 testable WSV records","See release-4.1-review.md","https://gesla787883612.wordpress.com/downloads/ (GESLA-4.1 zip)"
"friedrichstadttreene-9520061-deu-wsv","Friedrichstadttreene","9520061","DEU","wsv","54.37529903","9.08490756","2000/01/01 01:00:00","2025/07/12 21:00:00","0","Possible quality control issues","WSV timestamp reference","Source-wide concern; not individually revalidated","Repository diagnosis: German legal time (CET/CEST) labeled UTC; expected timestamp offset 1 h in winter and 2 h in summer. Header timezone copied from GESLA metadata.","","Confirm the scope of the 4.1 timestamp correction and document conversion rules, timestamp convention and old-to-new record mapping.","https://github.com/openwatersio/tide-database/issues/96","friedrichstadttreene-9520061-deu-wsv","Not individually tested; same pattern in all 64 testable WSV records","See release-4.1-review.md","https://gesla787883612.wordpress.com/downloads/ (GESLA-4.1 zip)"
"glckstadt-5970035-deu-wsv","Glckstadt","5970035","DEU","wsv","53.78594011","9.41057008","2000/01/01 01:00:00","2025/07/12 20:00:00","0","No obvious issues","WSV timestamp reference","Source-wide concern; not individually revalidated","Repository diagnosis: German legal time (CET/CEST) labeled UTC; expected timestamp offset 1 h in winter and 2 h in summer. Header timezone copied from GESLA metadata.","","Confirm the scope of the 4.1 timestamp correction and document conversion rules, timestamp convention and old-to-new record mapping.","https://github.com/openwatersio/tide-database/issues/96","glckstadt-5970035-deu-wsv","UTC conversion verified; 30 min early (hourly mean stamped at interval start)","old minus new: +1.49 h winter, +2.49 h summer (M2, 2022); M2 amplitude 1.322 to 1.308 m","https://gesla787883612.wordpress.com/downloads/ (GESLA-4.1 zip)"
"grauerortreede-5970026-deu-wsv","Grauerortreede","5970026","DEU","wsv","53.68070748","9.495942","2020/06/08 01:00:00","2025/07/12 20:00:00","0","No obvious issues","WSV timestamp reference","Source-wide concern; not individually revalidated","Repository diagnosis: German legal time (CET/CEST) labeled UTC; expected timestamp offset 1 h in winter and 2 h in summer. Header timezone copied from GESLA metadata.","","Confirm the scope of the 4.1 timestamp correction and document conversion rules, timestamp convention and old-to-new record mapping.","https://github.com/openwatersio/tide-database/issues/96","grauerortreede-5970026-deu-wsv","Not individually tested; same pattern in all 64 testable WSV records","See release-4.1-review.md","https://gesla787883612.wordpress.com/downloads/ (GESLA-4.1 zip)"
"greifswaldoie-9690078-deu-wsv","Greifswaldoie","9690078","DEU","wsv","54.24130458","13.90720408","2000/01/01 01:00:00","2025/07/12 22:00:00","0","No obvious issues","WSV timestamp reference","Source-wide concern; not individually revalidated","Repository diagnosis: German legal time (CET/CEST) labeled UTC; expected timestamp offset 1 h in winter and 2 h in summer. Header timezone copied from GESLA metadata.","","Confirm the scope of the 4.1 timestamp correction and document conversion rules, timestamp convention and old-to-new record mapping.","https://github.com/openwatersio/tide-database/issues/96","greifswaldoie-9690078-deu-wsv","Not individually tested; same pattern in all 64 testable WSV records","See release-4.1-review.md","https://gesla787883612.wordpress.com/downloads/ (GESLA-4.1 zip)"
"greifswaldwieck-9650073-deu-wsv","Greifswaldwieck","9650073","DEU","wsv","54.09770588","13.45713998","2000/01/01 01:00:00","2025/07/12 22:00:00","0","No obvious issues","WSV timestamp reference","Source-wide concern; not individually revalidated","Repository diagnosis: German legal time (CET/CEST) labeled UTC; expected timestamp offset 1 h in winter and 2 h in summer. Header timezone copied from GESLA metadata.","","Confirm the scope of the 4.1 timestamp correction and document conversion rules, timestamp convention and old-to-new record mapping.","https://github.com/openwatersio/tide-database/issues/96","greifswaldwieck-9650073-deu-wsv","Not individually tested; same pattern in all 64 testable WSV records","See release-4.1-review.md","https://gesla787883612.wordpress.com/downloads/ (GESLA-4.1 zip)"
"grnhude-5970037-deu-wsv","Grnhude","5970037","DEU","wsv","53.93569556","9.69057081","2000/01/01 01:00:00","2025/07/12 22:00:00","0","No obvious issues","WSV timestamp reference","Source-wide concern; not individually revalidated","Repository diagnosis: German legal time (CET/CEST) labeled UTC; expected timestamp offset 1 h in winter and 2 h in summer. Header timezone copied from GESLA metadata.","","Confirm the scope of the 4.1 timestamp correction and document conversion rules, timestamp convention and old-to-new record mapping.","https://github.com/openwatersio/tide-database/issues/96","grnhude-5970037-deu-wsv","Not individually tested; same pattern in all 64 testable WSV records","See release-4.1-review.md","https://gesla787883612.wordpress.com/downloads/ (GESLA-4.1 zip)"
"grosseweserbrcke-4910050-deu-wsv","Grosseweserbrcke","4910050","DEU","wsv","53.07459449","8.8046654","2000/01/01 01:00:00","2025/07/13 13:59:59","0","No obvious issues","WSV timestamp reference","Source-wide concern; not individually revalidated","Repository diagnosis: German legal time (CET/CEST) labeled UTC; expected timestamp offset 1 h in winter and 2 h in summer. Header timezone copied from GESLA metadata.","","Confirm the scope of the 4.1 timestamp correction and document conversion rules, timestamp convention and old-to-new record mapping.","https://github.com/openwatersio/tide-database/issues/96","grosseweserbrcke-4910050-deu-wsv","Not individually tested; same pattern in all 64 testable WSV records","See release-4.1-review.md","https://gesla787883612.wordpress.com/downloads/ (GESLA-4.1 zip)"
"hechthausen-5980030-deu-wsv","Hechthausen","5980030","DEU","wsv","53.64208895","9.25388328","2000/01/01 01:00:00","2025/07/13 00:00:00","0","No obvious issues","WSV timestamp reference","Source-wide concern; not individually revalidated","Repository diagnosis: German legal time (CET/CEST) labeled UTC; expected timestamp offset 1 h in winter and 2 h in summer. Header timezone copied from GESLA metadata.","","Confirm the scope of the 4.1 timestamp correction and document conversion rules, timestamp convention and old-to-new record mapping.","https://github.com/openwatersio/tide-database/issues/96","hechthausen-5980030-deu-wsv","Not individually tested; same pattern in all 64 testable WSV records","See release-4.1-review.md","https://gesla787883612.wordpress.com/downloads/ (GESLA-4.1 zip)"
"heiligenhafen-9610070-deu-wsv","Heiligenhafen","9610070","DEU","wsv","54.37295596","11.00565058","2000/01/01 01:00:00","2025/07/12 21:00:00","0","No obvious issues","WSV timestamp reference","Source-wide concern; not individually revalidated","Repository diagnosis: German legal time (CET/CEST) labeled UTC; expected timestamp offset 1 h in winter and 2 h in summer. Header timezone copied from GESLA metadata.","","Confirm the scope of the 4.1 timestamp correction and document conversion rules, timestamp convention and old-to-new record mapping.","https://github.com/openwatersio/tide-database/issues/96","heiligenhafen-9610070-deu-wsv","Not individually tested; same pattern in all 64 testable WSV records","See release-4.1-review.md","https://gesla787883612.wordpress.com/downloads/ (GESLA-4.1 zip)"
"helgolandbinnenhafen-9510070-deu-wsv","Helgolandbinnenhafen","9510070","DEU","wsv","54.18052298","7.89080439","2000/01/01 01:00:00","2025/07/12 22:00:00","0","No obvious issues","WSV timestamp reference","Source-wide concern; not individually revalidated","Repository diagnosis: German legal time (CET/CEST) labeled UTC; expected timestamp offset 1 h in winter and 2 h in summer. Header timezone copied from GESLA metadata.","","Confirm the scope of the 4.1 timestamp correction and document conversion rules, timestamp convention and old-to-new record mapping.","https://github.com/openwatersio/tide-database/issues/96","helgolandbinnenhafen-9510070-deu-wsv","UTC conversion verified; 30 min early (hourly mean stamped at interval start)","old minus new: +1.49 h winter, +2.49 h summer (M2, 2022); M2 amplitude 1.082 to 1.070 m; vs helgolandtg-hel-deu-cmems in 4.1: -0.49 h winter, -0.50 h summer","https://uhslc.soest.hawaii.edu/erddap/tabledap/global_hourly_gesla.html"
"helgolandsdhafen-9510075-deu-wsv","Helgolandsdhafen","9510075","DEU","wsv","54.17660084","7.89521349","2000/01/01 01:00:00","2025/07/12 22:00:00","0","Possible quality control issues","WSV timestamp reference","Source-wide concern; not individually revalidated","Repository diagnosis: German legal time (CET/CEST) labeled UTC; expected timestamp offset 1 h in winter and 2 h in summer. Header timezone copied from GESLA metadata.","","Confirm the scope of the 4.1 timestamp correction and document conversion rules, timestamp convention and old-to-new record mapping.","https://github.com/openwatersio/tide-database/issues/96","helgolandsdhafen-9510075-deu-wsv","UTC conversion verified; 30 min early (hourly mean stamped at interval start)","old minus new: +1.49 h winter, +2.49 h summer (M2, 2022); M2 amplitude 1.075 to 1.064 m; vs helgolandtg-hel-deu-cmems in 4.1: -0.49 h winter, -0.49 h summer","https://uhslc.soest.hawaii.edu/erddap/tabledap/global_hourly_gesla.html"
"herbrumhafendamm-3770030-deu-wsv","Herbrumhafendamm","3770030","DEU","wsv","53.04341496","7.31793881","2001/10/30 00:01:00","2025/07/11 23:01:00","0","No obvious issues","WSV timestamp reference","Source-wide concern; not individually revalidated","Repository diagnosis: German legal time (CET/CEST) labeled UTC; expected timestamp offset 1 h in winter and 2 h in summer. Header timezone copied from GESLA metadata.","","Confirm the scope of the 4.1 timestamp correction and document conversion rules, timestamp convention and old-to-new record mapping.","https://github.com/openwatersio/tide-database/issues/96","herbrumhafendamm-3770030-deu-wsv","UTC conversion verified; 30 min early (hourly mean stamped at interval start)","old minus new: +1.49 h winter, +2.49 h summer (M2, 2022); M2 amplitude 0.986 to 0.978 m","https://uhslc.soest.hawaii.edu/erddap/tabledap/global_hourly_gesla.html"
"hetlingen-5970010-deu-wsv","Hetlingen","5970010","DEU","wsv","53.60940526","9.58431453","2000/01/01 01:00:00","2025/07/13 13:00:00","0","No obvious issues","WSV timestamp reference","Source-wide concern; not individually revalidated","Repository diagnosis: German legal time (CET/CEST) labeled UTC; expected timestamp offset 1 h in winter and 2 h in summer. Header timezone copied from GESLA metadata.","","Confirm the scope of the 4.1 timestamp correction and document conversion rules, timestamp convention and old-to-new record mapping.","https://github.com/openwatersio/tide-database/issues/96","hetlingen-5970010-deu-wsv","Not individually tested; same pattern in all 64 testable WSV records","See release-4.1-review.md","https://gesla787883612.wordpress.com/downloads/ (GESLA-4.1 zip)"
"hollersiel-4960050-deu-wsv","Hollersiel","4960050","DEU","wsv","53.16965557","8.379468","2000/01/01 01:00:00","2025/07/13 15:00:00","0","No obvious issues","WSV timestamp reference","Source-wide concern; not individually revalidated","Repository diagnosis: German legal time (CET/CEST) labeled UTC; expected timestamp offset 1 h in winter and 2 h in summer. Header timezone copied from GESLA metadata.","","Confirm the scope of the 4.1 timestamp correction and document conversion rules, timestamp convention and old-to-new record mapping.","https://github.com/openwatersio/tide-database/issues/96","hollersiel-4960050-deu-wsv","UTC conversion verified; 30 min early (hourly mean stamped at interval start)","old minus new: +1.49 h winter, +2.49 h summer (M2, 2022); M2 amplitude 1.120 to 1.108 m","https://uhslc.soest.hawaii.edu/erddap/tabledap/global_hourly_gesla.html"
"hooksielplate-9430020-deu-wsv","Hooksielplate","9430020","DEU","wsv","53.67073506","8.14952845","2000/01/01 01:00:00","2025/07/13 13:00:00","0","No obvious issues","WSV timestamp reference","Source-wide concern; not individually revalidated","Repository diagnosis: German legal time (CET/CEST) labeled UTC; expected timestamp offset 1 h in winter and 2 h in summer. Header timezone copied from GESLA metadata.","","Confirm the scope of the 4.1 timestamp correction and document conversion rules, timestamp convention and old-to-new record mapping.","https://github.com/openwatersio/tide-database/issues/96","hooksielplate-9430020-deu-wsv","UTC conversion verified; 30 min early (hourly mean stamped at interval start)","old minus new: +1.49 h winter, +2.49 h summer (M2, 2022); M2 amplitude 1.536 to 1.519 m","https://uhslc.soest.hawaii.edu/erddap/tabledap/global_hourly_gesla.html"
"horneburg-5960020-deu-wsv","Horneburg","5960020","DEU","wsv","53.5122667","9.59112073","2008/12/18 00:00:00","2025/07/13 13:00:00","0","No obvious issues","WSV timestamp reference","Source-wide concern; not individually revalidated","Repository diagnosis: German legal time (CET/CEST) labeled UTC; expected timestamp offset 1 h in winter and 2 h in summer. Header timezone copied from GESLA metadata.","","Confirm the scope of the 4.1 timestamp correction and document conversion rules, timestamp convention and old-to-new record mapping.","https://github.com/openwatersio/tide-database/issues/96","horneburg-5960020-deu-wsv","Not individually tested; same pattern in all 64 testable WSV records","See release-4.1-review.md","https://gesla787883612.wordpress.com/downloads/ (GESLA-4.1 zip)"
"hrnum-9570050-deu-wsv","Hrnum","9570050","DEU","wsv","54.75978757","8.29700482","2000/01/01 01:00:00","2025/07/12 21:00:00","0","No obvious issues","WSV timestamp reference","Source-wide concern; not individually revalidated","Repository diagnosis: German legal time (CET/CEST) labeled UTC; expected timestamp offset 1 h in winter and 2 h in summer. Header timezone copied from GESLA metadata.","","Confirm the scope of the 4.1 timestamp correction and document conversion rules, timestamp convention and old-to-new record mapping.","https://github.com/openwatersio/tide-database/issues/96","hrnum-9570050-deu-wsv","UTC conversion verified; 30 min early (hourly mean stamped at interval start)","old minus new: +1.49 h winter, +2.49 h summer (M2, 2022); M2 amplitude 0.935 to 0.926 m; vs hoernumtg-hoe-deu-cmems in 4.1: -0.49 h winter, -0.49 h summer","https://uhslc.soest.hawaii.edu/erddap/tabledap/global_hourly_gesla.html"
"hundsmhlen-4960020-deu-wsv","Hundsmhlen","4960020","DEU","wsv","53.11035258","8.17400816","2000/01/01 01:00:00","2025/07/13 15:00:00","0","No obvious issues","WSV timestamp reference","Source-wide concern; not individually revalidated","Repository diagnosis: German legal time (CET/CEST) labeled UTC; expected timestamp offset 1 h in winter and 2 h in summer. Header timezone copied from GESLA metadata.","","Confirm the scope of the 4.1 timestamp correction and document conversion rules, timestamp convention and old-to-new record mapping.","https://github.com/openwatersio/tide-database/issues/96","hundsmhlen-4960020-deu-wsv","Tested; tide too small to resolve timing","M2 amplitude 0.001 m; old minus new: +0.83 h winter, +2.22 h summer (M2, 2022)","https://uhslc.soest.hawaii.edu/erddap/tabledap/global_hourly_gesla.html"
"huntebrck-4960070-deu-wsv","Huntebrck","4960070","DEU","wsv","53.20179854","8.44837488","2000/01/01 01:00:00","2025/07/13 14:00:00","0","No obvious issues","WSV timestamp reference","Source-wide concern; not individually revalidated","Repository diagnosis: German legal time (CET/CEST) labeled UTC; expected timestamp offset 1 h in winter and 2 h in summer. Header timezone copied from GESLA metadata.","","Confirm the scope of the 4.1 timestamp correction and document conversion rules, timestamp convention and old-to-new record mapping.","https://github.com/openwatersio/tide-database/issues/96","huntebrck-4960070-deu-wsv","UTC conversion verified; 30 min early (hourly mean stamped at interval start)","old minus new: +1.49 h winter, +2.49 h summer (M2, 2022); M2 amplitude 1.473 to 1.459 m","https://uhslc.soest.hawaii.edu/erddap/tabledap/global_hourly_gesla.html"
"husum-9530020-deu-wsv","Husum","9530020","DEU","wsv","54.47394247","9.02585594","2000/01/01 01:00:00","2025/07/12 21:00:00","0","No obvious issues","WSV timestamp reference","Source-wide concern; not individually revalidated","Repository diagnosis: German legal time (CET/CEST) labeled UTC; expected timestamp offset 1 h in winter and 2 h in summer. Header timezone copied from GESLA metadata.","","Confirm the scope of the 4.1 timestamp correction and document conversion rules, timestamp convention and old-to-new record mapping.","https://github.com/openwatersio/tide-database/issues/96","husum-9530020-deu-wsv","Not individually tested; same pattern in all 64 testable WSV records","See release-4.1-review.md","https://gesla787883612.wordpress.com/downloads/ (GESLA-4.1 zip)"
"ilmenausperrwerkap-5940080-deu-wsv","Ilmenausperrwerkap","5940080","DEU","wsv","53.39388059","10.17854002","2000/01/01 01:00:00","2025/07/13 12:00:00","0","No obvious issues","WSV timestamp reference","Source-wide concern; not individually revalidated","Repository diagnosis: German legal time (CET/CEST) labeled UTC; expected timestamp offset 1 h in winter and 2 h in summer. Header timezone copied from GESLA metadata.","","Confirm the scope of the 4.1 timestamp correction and document conversion rules, timestamp convention and old-to-new record mapping.","https://github.com/openwatersio/tide-database/issues/96","ilmenausperrwerkap-5940080-deu-wsv","Not individually tested; same pattern in all 64 testable WSV records","See release-4.1-review.md","https://gesla787883612.wordpress.com/downloads/ (GESLA-4.1 zip)"
"itzehoehafen-5970042-deu-wsv","Itzehoehafen","5970042","DEU","wsv","53.92445862","9.50059461","2015/09/14 07:00:00","2025/07/12 22:00:00","0","No obvious issues","WSV timestamp reference","Source-wide concern; not individually revalidated","Repository diagnosis: German legal time (CET/CEST) labeled UTC; expected timestamp offset 1 h in winter and 2 h in summer. Header timezone copied from GESLA metadata.","","Confirm the scope of the 4.1 timestamp correction and document conversion rules, timestamp convention and old-to-new record mapping.","https://github.com/openwatersio/tide-database/issues/96","itzehoehafen-5970042-deu-wsv","Not individually tested; same pattern in all 64 testable WSV records","See release-4.1-review.md","https://gesla787883612.wordpress.com/downloads/ (GESLA-4.1 zip)"
"jadeweserport-9430050-deu-wsv","Jadeweserport","9430050","DEU","wsv","53.60360242","8.14998631","2017/08/24 10:00:00","2025/07/13 13:00:00","0","No obvious issues","WSV timestamp reference","Source-wide concern; not individually revalidated","Repository diagnosis: German legal time (CET/CEST) labeled UTC; expected timestamp offset 1 h in winter and 2 h in summer. Header timezone copied from GESLA metadata.","","Confirm the scope of the 4.1 timestamp correction and document conversion rules, timestamp convention and old-to-new record mapping.","https://github.com/openwatersio/tide-database/issues/96","jadeweserport-9430050-deu-wsv","Not individually tested; same pattern in all 64 testable WSV records","See release-4.1-review.md","https://gesla787883612.wordpress.com/downloads/ (GESLA-4.1 zip)"
"kappeln-9610035-deu-wsv","Kappeln","9610035","DEU","wsv","54.66438046","9.93793188","2000/01/01 01:00:00","2025/07/12 21:00:00","0","No obvious issues","WSV timestamp reference","Source-wide concern; not individually revalidated","Repository diagnosis: German legal time (CET/CEST) labeled UTC; expected timestamp offset 1 h in winter and 2 h in summer. Header timezone copied from GESLA metadata.","","Confirm the scope of the 4.1 timestamp correction and document conversion rules, timestamp convention and old-to-new record mapping.","https://github.com/openwatersio/tide-database/issues/96","kappeln-9610035-deu-wsv","Not individually tested; same pattern in all 64 testable WSV records","See release-4.1-review.md","https://gesla787883612.wordpress.com/downloads/ (GESLA-4.1 zip)"
"karlshagen-9690085-deu-wsv","Karlshagen","9690085","DEU","wsv","54.10785553","13.80762049","2000/01/01 01:00:00","2025/07/12 22:00:00","0","No obvious issues","WSV timestamp reference","Source-wide concern; not individually revalidated","Repository diagnosis: German legal time (CET/CEST) labeled UTC; expected timestamp offset 1 h in winter and 2 h in summer. Header timezone copied from GESLA metadata.","","Confirm the scope of the 4.1 timestamp correction and document conversion rules, timestamp convention and old-to-new record mapping.","https://github.com/openwatersio/tide-database/issues/96","karlshagen-9690085-deu-wsv","Not individually tested; same pattern in all 64 testable WSV records","See release-4.1-review.md","https://gesla787883612.wordpress.com/downloads/ (GESLA-4.1 zip)"
"karnin-9690084-deu-wsv","Karnin","9690084","DEU","wsv","53.84366439","13.85849046","2000/01/01 01:00:00","2025/07/12 23:00:00","0","No obvious issues","WSV timestamp reference","Source-wide concern; not individually revalidated","Repository diagnosis: German legal time (CET/CEST) labeled UTC; expected timestamp offset 1 h in winter and 2 h in summer. Header timezone copied from GESLA metadata.","","Confirm the scope of the 4.1 timestamp correction and document conversion rules, timestamp convention and old-to-new record mapping.","https://github.com/openwatersio/tide-database/issues/96","karnin-9690084-deu-wsv","Not individually tested; same pattern in all 64 testable WSV records","See release-4.1-review.md","https://gesla787883612.wordpress.com/downloads/ (GESLA-4.1 zip)"
"kielholtenau-9610066-deu-wsv","Kielholtenau","9610066","DEU","wsv","54.37208316","10.15704223","2000/01/01 01:00:00","2025/07/13 13:00:00","0","No obvious issues","WSV timestamp reference","Source-wide concern; not individually revalidated","Repository diagnosis: German legal time (CET/CEST) labeled UTC; expected timestamp offset 1 h in winter and 2 h in summer. Header timezone copied from GESLA metadata.","","Confirm the scope of the 4.1 timestamp correction and document conversion rules, timestamp convention and old-to-new record mapping.","https://github.com/openwatersio/tide-database/issues/96","kielholtenau-9610066-deu-wsv","Not individually tested; same pattern in all 64 testable WSV records","See release-4.1-review.md","https://gesla787883612.wordpress.com/downloads/ (GESLA-4.1 zip)"
"kloster-9670050-deu-wsv","Kloster","9670050","DEU","wsv","54.58475871","13.11135611","2000/01/01 01:00:00","2025/07/12 21:00:00","0","No obvious issues","WSV timestamp reference","Source-wide concern; not individually revalidated","Repository diagnosis: German legal time (CET/CEST) labeled UTC; expected timestamp offset 1 h in winter and 2 h in summer. Header timezone copied from GESLA metadata.","","Confirm the scope of the 4.1 timestamp correction and document conversion rules, timestamp convention and old-to-new record mapping.","https://github.com/openwatersio/tide-database/issues/96","kloster-9670050-deu-wsv","Not individually tested; same pattern in all 64 testable WSV records","See release-4.1-review.md","https://gesla787883612.wordpress.com/downloads/ (GESLA-4.1 zip)"
"knock-3990010-deu-wsv","Knock","3990010","DEU","wsv","53.32870539","7.03143283","2000/01/01 01:00:00","2025/07/13 12:00:00","0","No obvious issues","WSV timestamp reference","Source-wide concern; not individually revalidated","Repository diagnosis: German legal time (CET/CEST) labeled UTC; expected timestamp offset 1 h in winter and 2 h in summer. Header timezone copied from GESLA metadata.","","Confirm the scope of the 4.1 timestamp correction and document conversion rules, timestamp convention and old-to-new record mapping.","https://github.com/openwatersio/tide-database/issues/96","knock-3990010-deu-wsv","UTC conversion verified; 30 min early (hourly mean stamped at interval start)","old minus new: +1.49 h winter, +2.49 h summer (M2, 2022); M2 amplitude 1.399 to 1.384 m","https://uhslc.soest.hawaii.edu/erddap/tabledap/global_hourly_gesla.html"
"kollmar-5970025-deu-wsv","Kollmar","5970025","DEU","wsv","53.73112257","9.45974742","2000/01/01 01:00:00","2025/07/13 13:00:00","0","No obvious issues","WSV timestamp reference","Source-wide concern; not individually revalidated","Repository diagnosis: German legal time (CET/CEST) labeled UTC; expected timestamp offset 1 h in winter and 2 h in summer. Header timezone copied from GESLA metadata.","","Confirm the scope of the 4.1 timestamp correction and document conversion rules, timestamp convention and old-to-new record mapping.","https://github.com/openwatersio/tide-database/issues/96","kollmar-5970025-deu-wsv","Not individually tested; same pattern in all 64 testable WSV records","See release-4.1-review.md","https://gesla787883612.wordpress.com/downloads/ (GESLA-4.1 zip)"
"koserow-9690093-deu-wsv","Koserow","9690093","DEU","wsv","54.06037723","14.00081928","2000/01/01 01:00:00","2025/07/12 22:00:00","0","No obvious issues","WSV timestamp reference","Source-wide concern; not individually revalidated","Repository diagnosis: German legal time (CET/CEST) labeled UTC; expected timestamp offset 1 h in winter and 2 h in summer. Header timezone copied from GESLA metadata.","","Confirm the scope of the 4.1 timestamp correction and document conversion rules, timestamp convention and old-to-new record mapping.","https://github.com/openwatersio/tide-database/issues/96","koserow-9690093-deu-wsv","Not individually tested; same pattern in all 64 testable WSV records","See release-4.1-review.md","https://gesla787883612.wordpress.com/downloads/ (GESLA-4.1 zip)"
"krautsandreede-5970031-deu-wsv","Krautsandreede","5970031","DEU","wsv","53.75627631","9.39231248","2020/06/09 11:00:00","2025/07/13 12:00:00","0","No obvious issues","WSV timestamp reference","Source-wide concern; not individually revalidated","Repository diagnosis: German legal time (CET/CEST) labeled UTC; expected timestamp offset 1 h in winter and 2 h in summer. Header timezone copied from GESLA metadata.","","Confirm the scope of the 4.1 timestamp correction and document conversion rules, timestamp convention and old-to-new record mapping.","https://github.com/openwatersio/tide-database/issues/96","krautsandreede-5970031-deu-wsv","Not individually tested; same pattern in all 64 testable WSV records","See release-4.1-review.md","https://gesla787883612.wordpress.com/downloads/ (GESLA-4.1 zip)"
"krckausperrwerkap-5970024-deu-wsv","Krckausperrwerkap","5970024","DEU","wsv","53.71613455","9.52633251","2000/01/01 01:00:00","2025/07/13 13:00:00","0","No obvious issues","WSV timestamp reference","Source-wide concern; not individually revalidated","Repository diagnosis: German legal time (CET/CEST) labeled UTC; expected timestamp offset 1 h in winter and 2 h in summer. Header timezone copied from GESLA metadata.","","Confirm the scope of the 4.1 timestamp correction and document conversion rules, timestamp convention and old-to-new record mapping.","https://github.com/openwatersio/tide-database/issues/96","krckausperrwerkap-5970024-deu-wsv","Not individually tested; same pattern in all 64 testable WSV records","See release-4.1-review.md","https://gesla787883612.wordpress.com/downloads/ (GESLA-4.1 zip)"
"krckausperrwerkbp-5970023-deu-wsv","Krckausperrwerkbp","5970023","DEU","wsv","53.71625765","9.52695531","2000/01/01 01:00:00","2025/07/13 13:00:00","0","No obvious issues","WSV timestamp reference","Source-wide concern; not individually revalidated","Repository diagnosis: German legal time (CET/CEST) labeled UTC; expected timestamp offset 1 h in winter and 2 h in summer. Header timezone copied from GESLA metadata.","","Confirm the scope of the 4.1 timestamp correction and document conversion rules, timestamp convention and old-to-new record mapping.","https://github.com/openwatersio/tide-database/issues/96","krckausperrwerkbp-5970023-deu-wsv","Not individually tested; same pattern in all 64 testable WSV records","See release-4.1-review.md","https://gesla787883612.wordpress.com/downloads/ (GESLA-4.1 zip)"
"langballigau-9610015-deu-wsv","Langballigau","9610015","DEU","wsv","54.82326593","9.65412763","2000/01/01 01:00:00","2025/07/12 19:00:00","0","No obvious issues","WSV timestamp reference","Source-wide concern; not individually revalidated","Repository diagnosis: German legal time (CET/CEST) labeled UTC; expected timestamp offset 1 h in winter and 2 h in summer. Header timezone copied from GESLA metadata.","","Confirm the scope of the 4.1 timestamp correction and document conversion rules, timestamp convention and old-to-new record mapping.","https://github.com/openwatersio/tide-database/issues/96","langballigau-9610015-deu-wsv","Not individually tested; same pattern in all 64 testable WSV records","See release-4.1-review.md","https://gesla787883612.wordpress.com/downloads/ (GESLA-4.1 zip)"
"langeoog-9390010-deu-wsv","Langeoog","9390010","DEU","wsv","53.72480976","7.50248904","2000/01/01 01:00:00","2025/07/13 13:00:00","0","No obvious issues","WSV timestamp reference","Source-wide concern; not individually revalidated","Repository diagnosis: German legal time (CET/CEST) labeled UTC; expected timestamp offset 1 h in winter and 2 h in summer. Header timezone copied from GESLA metadata.","","Confirm the scope of the 4.1 timestamp correction and document conversion rules, timestamp convention and old-to-new record mapping.","https://github.com/openwatersio/tide-database/issues/96","langeoog-9390010-deu-wsv","UTC conversion verified; 30 min early (hourly mean stamped at interval start)","old minus new: +1.49 h winter, +2.49 h summer (M2, 2022); M2 amplitude 1.177 to 1.165 m","https://uhslc.soest.hawaii.edu/erddap/tabledap/global_hourly_gesla.html"
"lauterbach-9670063-deu-wsv","Lauterbach","9670063","DEU","wsv","54.34160029","13.49969252","2000/01/01 01:00:00","2025/07/12 22:00:00","0","No obvious issues","WSV timestamp reference","Source-wide concern; not individually revalidated","Repository diagnosis: German legal time (CET/CEST) labeled UTC; expected timestamp offset 1 h in winter and 2 h in summer. Header timezone copied from GESLA metadata.","","Confirm the scope of the 4.1 timestamp correction and document conversion rules, timestamp convention and old-to-new record mapping.","https://github.com/openwatersio/tide-database/issues/96","lauterbach-9670063-deu-wsv","Not individually tested; same pattern in all 64 testable WSV records","See release-4.1-review.md","https://gesla787883612.wordpress.com/downloads/ (GESLA-4.1 zip)"
"lbeckbauhof-9620090-deu-wsv","Lbeckbauhof","9620090","DEU","wsv","53.89300126","10.7030621","2000/01/01 01:00:00","2025/07/12 22:00:00","0","No obvious issues","WSV timestamp reference","Source-wide concern; not individually revalidated","Repository diagnosis: German legal time (CET/CEST) labeled UTC; expected timestamp offset 1 h in winter and 2 h in summer. Header timezone copied from GESLA metadata.","","Confirm the scope of the 4.1 timestamp correction and document conversion rules, timestamp convention and old-to-new record mapping.","https://github.com/openwatersio/tide-database/issues/96","lbeckbauhof-9620090-deu-wsv","Not individually tested; same pattern in all 64 testable WSV records","See release-4.1-review.md","https://gesla787883612.wordpress.com/downloads/ (GESLA-4.1 zip)"
"ledasperrwerkup-3880050-deu-wsv","Ledasperrwerkup","3880050","DEU","wsv","53.21506843","7.47406436","2000/11/23 00:00:00","2025/07/13 14:00:00","0","No obvious issues","WSV timestamp reference","Source-wide concern; not individually revalidated","Repository diagnosis: German legal time (CET/CEST) labeled UTC; expected timestamp offset 1 h in winter and 2 h in summer. Header timezone copied from GESLA metadata.","","Confirm the scope of the 4.1 timestamp correction and document conversion rules, timestamp convention and old-to-new record mapping.","https://github.com/openwatersio/tide-database/issues/96","ledasperrwerkup-3880050-deu-wsv","UTC conversion verified; 30 min early (hourly mean stamped at interval start)","old minus new: +1.49 h winter, +2.49 h summer (M2, 2022); M2 amplitude 1.465 to 1.451 m","https://uhslc.soest.hawaii.edu/erddap/tabledap/global_hourly_gesla.html"
"leerort-3910010-deu-wsv","Leerort","3910010","DEU","wsv","53.21685459","7.42700513","2000/01/01 01:00:00","2025/07/13 15:00:00","0","No obvious issues","WSV timestamp reference","Source-wide concern; not individually revalidated","Repository diagnosis: German legal time (CET/CEST) labeled UTC; expected timestamp offset 1 h in winter and 2 h in summer. Header timezone copied from GESLA metadata.","","Confirm the scope of the 4.1 timestamp correction and document conversion rules, timestamp convention and old-to-new record mapping.","https://github.com/openwatersio/tide-database/issues/96","leerort-3910010-deu-wsv","UTC conversion verified; 30 min early (hourly mean stamped at interval start)","old minus new: +1.49 h winter, +2.49 h summer (M2, 2022); M2 amplitude 1.543 to 1.527 m","https://uhslc.soest.hawaii.edu/erddap/tabledap/global_hourly_gesla.html"
"leuchtturmalteweser-9460040-deu-wsv","Leuchtturmalteweser","9460040","DEU","wsv","53.86486173","8.12850796","2000/01/01 01:00:00","2025/07/12 22:00:00","0","No obvious issues","WSV timestamp reference","Source-wide concern; not individually revalidated","Repository diagnosis: German legal time (CET/CEST) labeled UTC; expected timestamp offset 1 h in winter and 2 h in summer. Header timezone copied from GESLA metadata.","","Confirm the scope of the 4.1 timestamp correction and document conversion rules, timestamp convention and old-to-new record mapping.","https://github.com/openwatersio/tide-database/issues/96","leuchtturmalteweser-9460040-deu-wsv","Not individually tested; same pattern in all 64 testable WSV records","See release-4.1-review.md","https://gesla787883612.wordpress.com/downloads/ (GESLA-4.1 zip)"
"lhort-5960010-deu-wsv","Lhort","5960010","DEU","wsv","53.57157404","9.6333552","2000/01/01 01:00:00","2025/07/13 13:00:00","0","No obvious issues","WSV timestamp reference","Source-wide concern; not individually revalidated","Repository diagnosis: German legal time (CET/CEST) labeled UTC; expected timestamp offset 1 h in winter and 2 h in summer. Header timezone copied from GESLA metadata.","","Confirm the scope of the 4.1 timestamp correction and document conversion rules, timestamp convention and old-to-new record mapping.","https://github.com/openwatersio/tide-database/issues/96","lhort-5960010-deu-wsv","Not individually tested; same pattern in all 64 testable WSV records","See release-4.1-review.md","https://gesla787883612.wordpress.com/downloads/ (GESLA-4.1 zip)"
"listaufsylt-9570070-deu-wsv","Listaufsylt","9570070","DEU","wsv","55.01826759","8.44140467","2000/01/01 01:00:00","2025/07/12 21:00:00","0","No obvious issues","WSV timestamp reference","Source-wide concern; not individually revalidated","Repository diagnosis: German legal time (CET/CEST) labeled UTC; expected timestamp offset 1 h in winter and 2 h in summer. Header timezone copied from GESLA metadata.","","Confirm the scope of the 4.1 timestamp correction and document conversion rules, timestamp convention and old-to-new record mapping.","https://github.com/openwatersio/tide-database/issues/96","listaufsylt-9570070-deu-wsv","UTC conversion verified; 30 min early (hourly mean stamped at interval start)","old minus new: +1.49 h winter, +2.49 h summer (M2, 2022); M2 amplitude 0.797 to 0.789 m; vs listtg-lis-deu-cmems in 4.1: -0.49 h winter, -0.49 h summer","https://uhslc.soest.hawaii.edu/erddap/tabledap/global_hourly_gesla.html"
"ltkiel-9610050-deu-wsv","Ltkiel","9610050","DEU","wsv","54.49958518","10.27326158","2000/01/01 01:00:00","2025/07/12 21:00:00","0","No obvious issues","WSV timestamp reference","Source-wide concern; not individually revalidated","Repository diagnosis: German legal time (CET/CEST) labeled UTC; expected timestamp offset 1 h in winter and 2 h in summer. Header timezone copied from GESLA metadata.","","Confirm the scope of the 4.1 timestamp correction and document conversion rules, timestamp convention and old-to-new record mapping.","https://github.com/openwatersio/tide-database/issues/96","ltkiel-9610050-deu-wsv","Not individually tested; same pattern in all 64 testable WSV records","See release-4.1-review.md","https://gesla787883612.wordpress.com/downloads/ (GESLA-4.1 zip)"
"marienleuchte-9610075-deu-wsv","Marienleuchte","9610075","DEU","wsv","54.49662219","11.23886049","2000/01/01 01:00:00","2025/07/12 21:00:00","0","No obvious issues","WSV timestamp reference","Source-wide concern; not individually revalidated","Repository diagnosis: German legal time (CET/CEST) labeled UTC; expected timestamp offset 1 h in winter and 2 h in summer. Header timezone copied from GESLA metadata.","","Confirm the scope of the 4.1 timestamp correction and document conversion rules, timestamp convention and old-to-new record mapping.","https://github.com/openwatersio/tide-database/issues/96","marienleuchte-9610075-deu-wsv","Not individually tested; same pattern in all 64 testable WSV records","See release-4.1-review.md","https://gesla787883612.wordpress.com/downloads/ (GESLA-4.1 zip)"
"mellumplate-9420010-deu-wsv","Mellumplate","9420010","DEU","wsv","53.77329548","8.09343744","2000/01/01 01:00:00","2025/07/13 12:00:00","0","No obvious issues","WSV timestamp reference","Source-wide concern; not individually revalidated","Repository diagnosis: German legal time (CET/CEST) labeled UTC; expected timestamp offset 1 h in winter and 2 h in summer. Header timezone copied from GESLA metadata.","","Confirm the scope of the 4.1 timestamp correction and document conversion rules, timestamp convention and old-to-new record mapping.","https://github.com/openwatersio/tide-database/issues/96","mellumplate-9420010-deu-wsv","UTC conversion verified; 30 min early (hourly mean stamped at interval start)","old minus new: +1.49 h winter, +2.49 h summer (M2, 2022); M2 amplitude 1.393 to 1.378 m","https://uhslc.soest.hawaii.edu/erddap/tabledap/global_hourly_gesla.html"
"mittelgrund-9510132-deu-wsv","Mittelgrund","9510132","DEU","wsv","53.94367498","8.63721563","2000/01/01 01:00:00","2025/07/12 22:00:00","0","No obvious issues","WSV timestamp reference","Source-wide concern; not individually revalidated","Repository diagnosis: German legal time (CET/CEST) labeled UTC; expected timestamp offset 1 h in winter and 2 h in summer. Header timezone copied from GESLA metadata.","","Confirm the scope of the 4.1 timestamp correction and document conversion rules, timestamp convention and old-to-new record mapping.","https://github.com/openwatersio/tide-database/issues/96","mittelgrund-9510132-deu-wsv","UTC conversion verified; 30 min early (hourly mean stamped at interval start)","old minus new: +1.49 h winter, +2.49 h summer (M2, 2022); M2 amplitude 1.433 to 1.418 m","https://uhslc.soest.hawaii.edu/erddap/tabledap/global_hourly_gesla.html"
"neuendorfhafen-9670046-deu-wsv","Neuendorfhafen","9670046","DEU","wsv","54.52448866","13.09354041","2000/01/01 01:00:00","2025/07/12 21:00:00","0","No obvious issues","WSV timestamp reference","Source-wide concern; not individually revalidated","Repository diagnosis: German legal time (CET/CEST) labeled UTC; expected timestamp offset 1 h in winter and 2 h in summer. Header timezone copied from GESLA metadata.","","Confirm the scope of the 4.1 timestamp correction and document conversion rules, timestamp convention and old-to-new record mapping.","https://github.com/openwatersio/tide-database/issues/96","neuendorfhafen-9670046-deu-wsv","Not individually tested; same pattern in all 64 testable WSV records","See release-4.1-review.md","https://gesla787883612.wordpress.com/downloads/ (GESLA-4.1 zip)"
"neustadt-9610080-deu-wsv","Neustadt","9610080","DEU","wsv","54.09652177","10.80498515","2000/01/01 01:00:00","2025/07/12 22:00:00","0","No obvious issues","WSV timestamp reference","Source-wide concern; not individually revalidated","Repository diagnosis: German legal time (CET/CEST) labeled UTC; expected timestamp offset 1 h in winter and 2 h in summer. Header timezone copied from GESLA metadata.","","Confirm the scope of the 4.1 timestamp correction and document conversion rules, timestamp convention and old-to-new record mapping.","https://github.com/openwatersio/tide-database/issues/96","neustadt-9610080-deu-wsv","Not individually tested; same pattern in all 64 testable WSV records","See release-4.1-review.md","https://gesla787883612.wordpress.com/downloads/ (GESLA-4.1 zip)"
"niederblockland-4940020-deu-wsv","Niederblockland","4940020","DEU","wsv","53.16301404","8.82754616","2000/01/01 01:00:00","2025/07/13 13:00:00","0","No obvious issues","WSV timestamp reference","Source-wide concern; not individually revalidated","Repository diagnosis: German legal time (CET/CEST) labeled UTC; expected timestamp offset 1 h in winter and 2 h in summer. Header timezone copied from GESLA metadata.","","Confirm the scope of the 4.1 timestamp correction and document conversion rules, timestamp convention and old-to-new record mapping.","https://github.com/openwatersio/tide-database/issues/96","niederblockland-4940020-deu-wsv","UTC conversion verified; 30 min early (hourly mean stamped at interval start)","old minus new: +1.50 h winter, +2.49 h summer (M2, 2022); M2 amplitude 0.733 to 0.725 m","https://uhslc.soest.hawaii.edu/erddap/tabledap/global_hourly_gesla.html"
"nokbrunsbttel-5970091-deu-wsv","Nokbrunsbttel","5970091","DEU","wsv","53.8999912","9.15096287","2007/01/15 12:00:00","2025/07/13 00:00:00","0","No obvious issues","WSV timestamp reference","Source-wide concern; not individually revalidated","Repository diagnosis: German legal time (CET/CEST) labeled UTC; expected timestamp offset 1 h in winter and 2 h in summer. Header timezone copied from GESLA metadata.","","Confirm the scope of the 4.1 timestamp correction and document conversion rules, timestamp convention and old-to-new record mapping.","https://github.com/openwatersio/tide-database/issues/96","nokbrunsbttel-5970091-deu-wsv","Not individually tested; same pattern in all 64 testable WSV records","See release-4.1-review.md","https://gesla787883612.wordpress.com/downloads/ (GESLA-4.1 zip)"
"nokkielaussen-5650068-deu-wsv","Nokkielaussen","5650068","DEU","wsv","54.36649518","10.1457927","2015/06/29 13:00:00","2025/07/12 22:00:00","0","Possible quality control issues","WSV timestamp reference","Source-wide concern; not individually revalidated","Repository diagnosis: German legal time (CET/CEST) labeled UTC; expected timestamp offset 1 h in winter and 2 h in summer. Header timezone copied from GESLA metadata.","","Confirm the scope of the 4.1 timestamp correction and document conversion rules, timestamp convention and old-to-new record mapping.","https://github.com/openwatersio/tide-database/issues/96","nokkielaussen-5650068-deu-wsv","Not individually tested; same pattern in all 64 testable WSV records","See release-4.1-review.md","https://gesla787883612.wordpress.com/downloads/ (GESLA-4.1 zip)"
"nokkielbinnen-5979020-deu-wsv","Nokkielbinnen","5979020","DEU","wsv","54.3673306","10.14012233","2015/06/27 11:00:00","2025/07/12 22:00:00","0","Possible quality control issues","WSV timestamp reference","Source-wide concern; not individually revalidated","Repository diagnosis: German legal time (CET/CEST) labeled UTC; expected timestamp offset 1 h in winter and 2 h in summer. Header timezone copied from GESLA metadata.","","Confirm the scope of the 4.1 timestamp correction and document conversion rules, timestamp convention and old-to-new record mapping.","https://github.com/openwatersio/tide-database/issues/96","nokkielbinnen-5979020-deu-wsv","Not individually tested; same pattern in all 64 testable WSV records","See release-4.1-review.md","https://gesla787883612.wordpress.com/downloads/ (GESLA-4.1 zip)"
"nordenham-4970040-deu-wsv","Nordenham","4970040","DEU","wsv","53.46449695","8.48805242","2000/01/01 01:00:00","2025/07/13 00:00:00","0","No obvious issues","WSV timestamp reference","Source-wide concern; not individually revalidated","Repository diagnosis: German legal time (CET/CEST) labeled UTC; expected timestamp offset 1 h in winter and 2 h in summer. Header timezone copied from GESLA metadata.","","Confirm the scope of the 4.1 timestamp correction and document conversion rules, timestamp convention and old-to-new record mapping.","https://github.com/openwatersio/tide-database/issues/96","nordenham-4970040-deu-wsv","Not individually tested; same pattern in all 64 testable WSV records","See release-4.1-review.md","https://gesla787883612.wordpress.com/downloads/ (GESLA-4.1 zip)"
"norderneyriffgat-9360010-deu-wsv","Norderneyriffgat","9360010","DEU","wsv","53.69806672","7.15852613","2000/01/01 01:00:00","2025/07/13 12:00:00","0","No obvious issues","WSV timestamp reference","Source-wide concern; not individually revalidated","Repository diagnosis: German legal time (CET/CEST) labeled UTC; expected timestamp offset 1 h in winter and 2 h in summer. Header timezone copied from GESLA metadata.","","Confirm the scope of the 4.1 timestamp correction and document conversion rules, timestamp convention and old-to-new record mapping.","https://github.com/openwatersio/tide-database/issues/96","norderneyriffgat-9360010-deu-wsv","UTC conversion verified; 30 min early (hourly mean stamped at interval start)","old minus new: +1.49 h winter, +2.49 h summer (M2, 2022); M2 amplitude 1.090 to 1.079 m; vs norderneytg-nor-deu-cmems in 4.1: -0.49 h winter, -0.49 h summer","https://uhslc.soest.hawaii.edu/erddap/tabledap/global_hourly_gesla.html"
"nordfeldoberwasser-9520040-deu-wsv","Nordfeldoberwasser","9520040","DEU","wsv","54.34037671","9.14074682","2000/01/01 01:00:00","2025/07/12 00:00:00","0","No obvious issues","WSV timestamp reference","Source-wide concern; not individually revalidated","Repository diagnosis: German legal time (CET/CEST) labeled UTC; expected timestamp offset 1 h in winter and 2 h in summer. Header timezone copied from GESLA metadata.","","Confirm the scope of the 4.1 timestamp correction and document conversion rules, timestamp convention and old-to-new record mapping.","https://github.com/openwatersio/tide-database/issues/96","nordfeldoberwasser-9520040-deu-wsv","Not individually tested; same pattern in all 64 testable WSV records","See release-4.1-review.md","https://gesla787883612.wordpress.com/downloads/ (GESLA-4.1 zip)"
"nordfeldunterwasser-9520050-deu-wsv","Nordfeldunterwasser","9520050","DEU","wsv","54.34110611","9.13934997","2000/01/01 01:00:00","2025/07/12 20:00:00","0","No obvious issues","WSV timestamp reference","Source-wide concern; not individually revalidated","Repository diagnosis: German legal time (CET/CEST) labeled UTC; expected timestamp offset 1 h in winter and 2 h in summer. Header timezone copied from GESLA metadata.","","Confirm the scope of the 4.1 timestamp correction and document conversion rules, timestamp convention and old-to-new record mapping.","https://github.com/openwatersio/tide-database/issues/96","nordfeldunterwasser-9520050-deu-wsv","Not individually tested; same pattern in all 64 testable WSV records","See release-4.1-review.md","https://gesla787883612.wordpress.com/downloads/ (GESLA-4.1 zip)"
"oldenburgdrielake-4960030-deu-wsv","Oldenburgdrielake","4960030","DEU","wsv","53.14173817","8.23502886","2000/01/01 01:00:00","2025/07/13 13:00:00","0","No obvious issues","WSV timestamp reference","Source-wide concern; not individually revalidated","Repository diagnosis: German legal time (CET/CEST) labeled UTC; expected timestamp offset 1 h in winter and 2 h in summer. Header timezone copied from GESLA metadata.","","Confirm the scope of the 4.1 timestamp correction and document conversion rules, timestamp convention and old-to-new record mapping.","https://github.com/openwatersio/tide-database/issues/96","oldenburgdrielake-4960030-deu-wsv","UTC conversion verified; 30 min early (hourly mean stamped at interval start)","old minus new: +1.50 h winter, +2.49 h summer (M2, 2022); M2 amplitude 1.085 to 1.072 m","https://uhslc.soest.hawaii.edu/erddap/tabledap/global_hourly_gesla.html"
"oslebshausen-4910060-deu-wsv","Oslebshausen","4910060","DEU","wsv","53.12130218","8.71323846","2000/01/01 01:00:00","2025/07/13 15:00:00","0","No obvious issues","WSV timestamp reference","Source-wide concern; not individually revalidated","Repository diagnosis: German legal time (CET/CEST) labeled UTC; expected timestamp offset 1 h in winter and 2 h in summer. Header timezone copied from GESLA metadata.","","Confirm the scope of the 4.1 timestamp correction and document conversion rules, timestamp convention and old-to-new record mapping.","https://github.com/openwatersio/tide-database/issues/96","oslebshausen-4910060-deu-wsv","Not individually tested; same pattern in all 64 testable WSV records","See release-4.1-review.md","https://gesla787883612.wordpress.com/downloads/ (GESLA-4.1 zip)"
"osteriffmpm-5970096-deu-wsv","Osteriffmpm","5970096","DEU","wsv","53.85795742","9.03270977","2013/05/09 01:00:00","2025/07/12 23:00:00","0","No obvious issues","WSV timestamp reference","Source-wide concern; not individually revalidated","Repository diagnosis: German legal time (CET/CEST) labeled UTC; expected timestamp offset 1 h in winter and 2 h in summer. Header timezone copied from GESLA metadata.","","Confirm the scope of the 4.1 timestamp correction and document conversion rules, timestamp convention and old-to-new record mapping.","https://github.com/openwatersio/tide-database/issues/96","osteriffmpm-5970096-deu-wsv","Not individually tested; same pattern in all 64 testable WSV records","See release-4.1-review.md","https://gesla787883612.wordpress.com/downloads/ (GESLA-4.1 zip)"
"otterndorfmpm-5990011-deu-wsv","Otterndorfmpm","5990011","DEU","wsv","53.83695694","8.87177864","2013/05/28 01:00:00","2025/07/12 23:00:00","0","No obvious issues","WSV timestamp reference","Source-wide concern; not individually revalidated","Repository diagnosis: German legal time (CET/CEST) labeled UTC; expected timestamp offset 1 h in winter and 2 h in summer. Header timezone copied from GESLA metadata.","","Confirm the scope of the 4.1 timestamp correction and document conversion rules, timestamp convention and old-to-new record mapping.","https://github.com/openwatersio/tide-database/issues/96","otterndorfmpm-5990011-deu-wsv","UTC conversion verified; 30 min early (hourly mean stamped at interval start)","old minus new: +1.49 h winter, +2.49 h summer (M2, 2022); M2 amplitude 1.267 to 1.254 m","https://uhslc.soest.hawaii.edu/erddap/tabledap/global_hourly_gesla.html"
"over-5950010-deu-wsv","Over","5950010","DEU","wsv","53.42868914","10.10111616","2000/01/01 01:00:00","2025/07/13 00:00:00","0","No obvious issues","WSV timestamp reference","Source-wide concern; not individually revalidated","Repository diagnosis: German legal time (CET/CEST) labeled UTC; expected timestamp offset 1 h in winter and 2 h in summer. Header timezone copied from GESLA metadata.","","Confirm the scope of the 4.1 timestamp correction and document conversion rules, timestamp convention and old-to-new record mapping.","https://github.com/openwatersio/tide-database/issues/96","over-5950010-deu-wsv","Not individually tested; same pattern in all 64 testable WSV records","See release-4.1-review.md","https://gesla787883612.wordpress.com/downloads/ (GESLA-4.1 zip)"
"papenburg-3790010-deu-wsv","Papenburg","3790010","DEU","wsv","53.10968993","7.36639963","2000/01/01 01:00:00","2025/07/13 15:00:00","0","Possible quality control issues","WSV timestamp reference","Source-wide concern; not individually revalidated","Repository diagnosis: German legal time (CET/CEST) labeled UTC; expected timestamp offset 1 h in winter and 2 h in summer. Header timezone copied from GESLA metadata.","","Confirm the scope of the 4.1 timestamp correction and document conversion rules, timestamp convention and old-to-new record mapping.","https://github.com/openwatersio/tide-database/issues/96","papenburg-3790010-deu-wsv","UTC conversion verified; 30 min early (hourly mean stamped at interval start)","old minus new: +1.49 h winter, +2.49 h summer (M2, 2022); M2 amplitude 1.529 to 1.515 m","https://uhslc.soest.hawaii.edu/erddap/tabledap/global_hourly_gesla.html"
"pellwormanleger-9550021-deu-wsv","Pellwormanleger","9550021","DEU","wsv","54.50258302","8.70305048","2000/01/01 01:00:00","2025/07/12 21:00:00","0","No obvious issues","WSV timestamp reference","Source-wide concern; not individually revalidated","Repository diagnosis: German legal time (CET/CEST) labeled UTC; expected timestamp offset 1 h in winter and 2 h in summer. Header timezone copied from GESLA metadata.","","Confirm the scope of the 4.1 timestamp correction and document conversion rules, timestamp convention and old-to-new record mapping.","https://github.com/openwatersio/tide-database/issues/96","pellwormanleger-9550021-deu-wsv","UTC conversion verified; 30 min early (hourly mean stamped at interval start)","old minus new: +1.49 h winter, +2.49 h summer (M2, 2022); M2 amplitude 1.415 to 1.400 m","https://uhslc.soest.hawaii.edu/erddap/tabledap/global_hourly_gesla.html"
"pinnausperrwerkap-5970019-deu-wsv","Pinnausperrwerkap","5970019","DEU","wsv","53.67138031","9.55821288","2000/01/01 01:00:00","2025/07/13 00:00:00","0","No obvious issues","WSV timestamp reference","Source-wide concern; not individually revalidated","Repository diagnosis: German legal time (CET/CEST) labeled UTC; expected timestamp offset 1 h in winter and 2 h in summer. Header timezone copied from GESLA metadata.","","Confirm the scope of the 4.1 timestamp correction and document conversion rules, timestamp convention and old-to-new record mapping.","https://github.com/openwatersio/tide-database/issues/96","pinnausperrwerkap-5970019-deu-wsv","Not individually tested; same pattern in all 64 testable WSV records","See release-4.1-review.md","https://gesla787883612.wordpress.com/downloads/ (GESLA-4.1 zip)"
"pinnausperrwerkbp-5970018-deu-wsv","Pinnausperrwerkbp","5970018","DEU","wsv","53.67116206","9.55875492","2000/01/01 01:00:00","2025/07/13 00:00:00","0","No obvious issues","WSV timestamp reference","Source-wide concern; not individually revalidated","Repository diagnosis: German legal time (CET/CEST) labeled UTC; expected timestamp offset 1 h in winter and 2 h in summer. Header timezone copied from GESLA metadata.","","Confirm the scope of the 4.1 timestamp correction and document conversion rules, timestamp convention and old-to-new record mapping.","https://github.com/openwatersio/tide-database/issues/96","pinnausperrwerkbp-5970018-deu-wsv","Not individually tested; same pattern in all 64 testable WSV records","See release-4.1-review.md","https://gesla787883612.wordpress.com/downloads/ (GESLA-4.1 zip)"
"pogum-3950020-deu-wsv","Pogum","3950020","DEU","wsv","53.32288238","7.2605965","2000/01/01 01:00:00","2025/07/13 12:00:00","0","No obvious issues","WSV timestamp reference","Source-wide concern; not individually revalidated","Repository diagnosis: German legal time (CET/CEST) labeled UTC; expected timestamp offset 1 h in winter and 2 h in summer. Header timezone copied from GESLA metadata.","","Confirm the scope of the 4.1 timestamp correction and document conversion rules, timestamp convention and old-to-new record mapping.","https://github.com/openwatersio/tide-database/issues/96","pogum-3950020-deu-wsv","UTC conversion verified; 30 min early (hourly mean stamped at interval start)","old minus new: +1.49 h winter, +2.49 h summer (M2, 2022); M2 amplitude 1.534 to 1.518 m","https://uhslc.soest.hawaii.edu/erddap/tabledap/global_hourly_gesla.html"
"rechtenfleth-4970030-deu-wsv","Rechtenfleth","4970030","DEU","wsv","53.38269787","8.50154573","2000/01/01 01:00:00","2025/07/13 12:00:00","0","No obvious issues","WSV timestamp reference","Source-wide concern; not individually revalidated","Repository diagnosis: German legal time (CET/CEST) labeled UTC; expected timestamp offset 1 h in winter and 2 h in summer. Header timezone copied from GESLA metadata.","","Confirm the scope of the 4.1 timestamp correction and document conversion rules, timestamp convention and old-to-new record mapping.","https://github.com/openwatersio/tide-database/issues/96","rechtenfleth-4970030-deu-wsv","Not individually tested; same pattern in all 64 testable WSV records","See release-4.1-review.md","https://gesla787883612.wordpress.com/downloads/ (GESLA-4.1 zip)"
"reithrne-4960040-deu-wsv","Reithrne","4960040","DEU","wsv","53.1627185","8.32347847","2000/01/01 01:00:00","2025/07/13 13:00:00","0","No obvious issues","WSV timestamp reference","Source-wide concern; not individually revalidated","Repository diagnosis: German legal time (CET/CEST) labeled UTC; expected timestamp offset 1 h in winter and 2 h in summer. Header timezone copied from GESLA metadata.","","Confirm the scope of the 4.1 timestamp correction and document conversion rules, timestamp convention and old-to-new record mapping.","https://github.com/openwatersio/tide-database/issues/96","reithrne-4960040-deu-wsv","UTC conversion verified; 30 min early (hourly mean stamped at interval start)","old minus new: +1.49 h winter, +2.49 h summer (M2, 2022); M2 amplitude 1.084 to 1.074 m","https://uhslc.soest.hawaii.edu/erddap/tabledap/global_hourly_gesla.html"
"ritterhude-4940030-deu-wsv","Ritterhude","4940030","DEU","wsv","53.18344029","8.76437707","2000/01/01 01:00:00","2025/07/13 14:00:00","0","No obvious issues","WSV timestamp reference","Source-wide concern; not individually revalidated","Repository diagnosis: German legal time (CET/CEST) labeled UTC; expected timestamp offset 1 h in winter and 2 h in summer. Header timezone copied from GESLA metadata.","","Confirm the scope of the 4.1 timestamp correction and document conversion rules, timestamp convention and old-to-new record mapping.","https://github.com/openwatersio/tide-database/issues/96","ritterhude-4940030-deu-wsv","UTC conversion verified; 30 min early (hourly mean stamped at interval start)","old minus new: +1.50 h winter, +2.49 h summer (M2, 2022); M2 amplitude 1.035 to 1.025 m","https://uhslc.soest.hawaii.edu/erddap/tabledap/global_hourly_gesla.html"
"robbensdsteert-9460010-deu-wsv","Robbensdsteert","9460010","DEU","wsv","53.64078969","8.44618682","2000/01/01 01:00:00","2025/07/13 00:00:00","0","No obvious issues","WSV timestamp reference","Source-wide concern; not individually revalidated","Repository diagnosis: German legal time (CET/CEST) labeled UTC; expected timestamp offset 1 h in winter and 2 h in summer. Header timezone copied from GESLA metadata.","","Confirm the scope of the 4.1 timestamp correction and document conversion rules, timestamp convention and old-to-new record mapping.","https://github.com/openwatersio/tide-database/issues/96","robbensdsteert-9460010-deu-wsv","UTC conversion verified; 30 min early (hourly mean stamped at interval start)","old minus new: +1.49 h winter, +2.49 h summer (M2, 2022); M2 amplitude 1.616 to 1.599 m","https://uhslc.soest.hawaii.edu/erddap/tabledap/global_hourly_gesla.html"
"ruden-9690077-deu-wsv","Ruden","9690077","DEU","wsv","54.2043455","13.77189529","2000/01/01 01:00:00","2025/07/12 22:00:00","0","No obvious issues","WSV timestamp reference","Source-wide concern; not individually revalidated","Repository diagnosis: German legal time (CET/CEST) labeled UTC; expected timestamp offset 1 h in winter and 2 h in summer. Header timezone copied from GESLA metadata.","","Confirm the scope of the 4.1 timestamp correction and document conversion rules, timestamp convention and old-to-new record mapping.","https://github.com/openwatersio/tide-database/issues/96","ruden-9690077-deu-wsv","Not individually tested; same pattern in all 64 testable WSV records","See release-4.1-review.md","https://gesla787883612.wordpress.com/downloads/ (GESLA-4.1 zip)"
"sassnitz-9670065-deu-wsv","Sassnitz","9670065","DEU","wsv","54.50829189","13.63665078","2000/01/01 01:00:00","2025/07/12 21:00:00","0","No obvious issues","WSV timestamp reference","Source-wide concern; not individually revalidated","Repository diagnosis: German legal time (CET/CEST) labeled UTC; expected timestamp offset 1 h in winter and 2 h in summer. Header timezone copied from GESLA metadata.","","Confirm the scope of the 4.1 timestamp correction and document conversion rules, timestamp convention and old-to-new record mapping.","https://github.com/openwatersio/tide-database/issues/96","sassnitz-9670065-deu-wsv","Not individually tested; same pattern in all 64 testable WSV records","See release-4.1-review.md","https://gesla787883612.wordpress.com/downloads/ (GESLA-4.1 zip)"
"scharhrn-9510060-deu-wsv","Scharhrn","9510060","DEU","wsv","53.96864279","8.46355126","2000/01/01 01:00:00","2025/07/12 22:00:00","0","No obvious issues","WSV timestamp reference","Source-wide concern; not individually revalidated","Repository diagnosis: German legal time (CET/CEST) labeled UTC; expected timestamp offset 1 h in winter and 2 h in summer. Header timezone copied from GESLA metadata.","","Confirm the scope of the 4.1 timestamp correction and document conversion rules, timestamp convention and old-to-new record mapping.","https://github.com/openwatersio/tide-database/issues/96","scharhrn-9510060-deu-wsv","UTC conversion verified; 30 min early (hourly mean stamped at interval start)","old minus new: +1.49 h winter, +2.49 h summer (M2, 2022); M2 amplitude 1.447 to 1.432 m","https://uhslc.soest.hawaii.edu/erddap/tabledap/global_hourly_gesla.html"
"schillig-9430030-deu-wsv","Schillig","9430030","DEU","wsv","53.70057797","8.04799544","2000/01/01 01:00:00","2025/07/13 13:00:00","0","Possible quality control issues","WSV timestamp reference","Source-wide concern; not individually revalidated","Repository diagnosis: German legal time (CET/CEST) labeled UTC; expected timestamp offset 1 h in winter and 2 h in summer. Header timezone copied from GESLA metadata.","","Confirm the scope of the 4.1 timestamp correction and document conversion rules, timestamp convention and old-to-new record mapping.","https://github.com/openwatersio/tide-database/issues/96","schillig-9430030-deu-wsv","UTC conversion verified; 30 min early (hourly mean stamped at interval start)","old minus new: +1.49 h winter, +2.49 h summer (M2, 2022); M2 amplitude 1.490 to 1.475 m","https://uhslc.soest.hawaii.edu/erddap/tabledap/global_hourly_gesla.html"
"schleimndesp-9610025-deu-wsv","Schleimndesp","9610025","DEU","wsv","54.67273393","10.03667449","2000/01/01 01:00:00","2025/07/12 21:00:00","0","No obvious issues","WSV timestamp reference","Source-wide concern; not individually revalidated","Repository diagnosis: German legal time (CET/CEST) labeled UTC; expected timestamp offset 1 h in winter and 2 h in summer. Header timezone copied from GESLA metadata.","","Confirm the scope of the 4.1 timestamp correction and document conversion rules, timestamp convention and old-to-new record mapping.","https://github.com/openwatersio/tide-database/issues/96","schleimndesp-9610025-deu-wsv","Not individually tested; same pattern in all 64 testable WSV records","See release-4.1-review.md","https://gesla787883612.wordpress.com/downloads/ (GESLA-4.1 zip)"
"schulau-5950090-deu-wsv","Schulau","5950090","DEU","wsv","53.56790485","9.70288119","2000/01/01 01:00:00","2025/07/13 13:00:00","0","No obvious issues","WSV timestamp reference","Source-wide concern; not individually revalidated","Repository diagnosis: German legal time (CET/CEST) labeled UTC; expected timestamp offset 1 h in winter and 2 h in summer. Header timezone copied from GESLA metadata.","","Confirm the scope of the 4.1 timestamp correction and document conversion rules, timestamp convention and old-to-new record mapping.","https://github.com/openwatersio/tide-database/issues/96","schulau-5950090-deu-wsv","Not individually tested; same pattern in all 64 testable WSV records","See release-4.1-review.md","https://gesla787883612.wordpress.com/downloads/ (GESLA-4.1 zip)"
"spiekeroog-9410010-deu-wsv","Spiekeroog","9410010","DEU","wsv","53.75081306","7.68279231","2000/01/01 01:00:00","2025/07/13 13:00:00","0","No obvious issues","WSV timestamp reference","Source-wide concern; not individually revalidated","Repository diagnosis: German legal time (CET/CEST) labeled UTC; expected timestamp offset 1 h in winter and 2 h in summer. Header timezone copied from GESLA metadata.","","Confirm the scope of the 4.1 timestamp correction and document conversion rules, timestamp convention and old-to-new record mapping.","https://github.com/openwatersio/tide-database/issues/96","spiekeroog-9410010-deu-wsv","UTC conversion verified; 30 min early (hourly mean stamped at interval start)","old minus new: +1.49 h winter, +2.49 h summer (M2, 2022); M2 amplitude 1.220 to 1.207 m","https://uhslc.soest.hawaii.edu/erddap/tabledap/global_hourly_gesla.html"
"stadersand-5970013-deu-wsv","Stadersand","5970013","DEU","wsv","53.62972676","9.52658735","2000/01/01 01:00:00","2025/07/13 00:00:00","0","No obvious issues","WSV timestamp reference","Source-wide concern; not individually revalidated","Repository diagnosis: German legal time (CET/CEST) labeled UTC; expected timestamp offset 1 h in winter and 2 h in summer. Header timezone copied from GESLA metadata.","","Confirm the scope of the 4.1 timestamp correction and document conversion rules, timestamp convention and old-to-new record mapping.","https://github.com/openwatersio/tide-database/issues/96","stadersand-5970013-deu-wsv","Not individually tested; same pattern in all 64 testable WSV records","See release-4.1-review.md","https://gesla787883612.wordpress.com/downloads/ (GESLA-4.1 zip)"
"stahlbrode-9650070-deu-wsv","Stahlbrode","9650070","DEU","wsv","54.23445592","13.28970382","2000/01/01 01:00:00","2025/07/12 22:00:00","0","No obvious issues","WSV timestamp reference","Source-wide concern; not individually revalidated","Repository diagnosis: German legal time (CET/CEST) labeled UTC; expected timestamp offset 1 h in winter and 2 h in summer. Header timezone copied from GESLA metadata.","","Confirm the scope of the 4.1 timestamp correction and document conversion rules, timestamp convention and old-to-new record mapping.","https://github.com/openwatersio/tide-database/issues/96","stahlbrode-9650070-deu-wsv","Not individually tested; same pattern in all 64 testable WSV records","See release-4.1-review.md","https://gesla787883612.wordpress.com/downloads/ (GESLA-4.1 zip)"
"stralsund-9650043-deu-wsv","Stralsund","9650043","DEU","wsv","54.30567635","13.1190097","2000/01/01 01:00:00","2025/07/12 22:00:00","0","No obvious issues","WSV timestamp reference","Source-wide concern; not individually revalidated","Repository diagnosis: German legal time (CET/CEST) labeled UTC; expected timestamp offset 1 h in winter and 2 h in summer. Header timezone copied from GESLA metadata.","","Confirm the scope of the 4.1 timestamp correction and document conversion rules, timestamp convention and old-to-new record mapping.","https://github.com/openwatersio/tide-database/issues/96","stralsund-9650043-deu-wsv","Not individually tested; same pattern in all 64 testable WSV records","See release-4.1-review.md","https://gesla787883612.wordpress.com/downloads/ (GESLA-4.1 zip)"
"terborg-3910020-deu-wsv","Terborg","3910020","DEU","wsv","53.29423179","7.39691275","2000/01/01 01:00:00","2025/07/13 14:00:00","0","No obvious issues","WSV timestamp reference","Source-wide concern; not individually revalidated","Repository diagnosis: German legal time (CET/CEST) labeled UTC; expected timestamp offset 1 h in winter and 2 h in summer. Header timezone copied from GESLA metadata.","","Confirm the scope of the 4.1 timestamp correction and document conversion rules, timestamp convention and old-to-new record mapping.","https://github.com/openwatersio/tide-database/issues/96","terborg-3910020-deu-wsv","UTC conversion verified; 30 min early (hourly mean stamped at interval start)","old minus new: +1.49 h winter, +2.49 h summer (M2, 2022); M2 amplitude 1.550 to 1.534 m","https://uhslc.soest.hawaii.edu/erddap/tabledap/global_hourly_gesla.html"
"thiessow-9670067-deu-wsv","Thiessow","9670067","DEU","wsv","54.28066258","13.70975188","2000/01/01 01:00:00","2025/07/12 22:00:00","0","No obvious issues","WSV timestamp reference","Source-wide concern; not individually revalidated","Repository diagnosis: German legal time (CET/CEST) labeled UTC; expected timestamp offset 1 h in winter and 2 h in summer. Header timezone copied from GESLA metadata.","","Confirm the scope of the 4.1 timestamp correction and document conversion rules, timestamp convention and old-to-new record mapping.","https://github.com/openwatersio/tide-database/issues/96","thiessow-9670067-deu-wsv","Not individually tested; same pattern in all 64 testable WSV records","See release-4.1-review.md","https://gesla787883612.wordpress.com/downloads/ (GESLA-4.1 zip)"
"timmendorfpoel-9630007-deu-wsv","Timmendorfpoel","9630007","DEU","wsv","53.99199126","11.37563615","2000/01/01 01:00:00","2025/07/12 22:00:00","0","No obvious issues","WSV timestamp reference","Source-wide concern; not individually revalidated","Repository diagnosis: German legal time (CET/CEST) labeled UTC; expected timestamp offset 1 h in winter and 2 h in summer. Header timezone copied from GESLA metadata.","","Confirm the scope of the 4.1 timestamp correction and document conversion rules, timestamp convention and old-to-new record mapping.","https://github.com/openwatersio/tide-database/issues/96","timmendorfpoel-9630007-deu-wsv","Not individually tested; same pattern in all 64 testable WSV records","See release-4.1-review.md","https://gesla787883612.wordpress.com/downloads/ (GESLA-4.1 zip)"
"tnning-9520070-deu-wsv","Tnning","9520070","DEU","wsv","54.31632455","8.95122149","2000/01/01 01:00:00","2025/07/12 19:00:00","0","Possible quality control issues","WSV timestamp reference","Source-wide concern; not individually revalidated","Repository diagnosis: German legal time (CET/CEST) labeled UTC; expected timestamp offset 1 h in winter and 2 h in summer. Header timezone copied from GESLA metadata.","","Confirm the scope of the 4.1 timestamp correction and document conversion rules, timestamp convention and old-to-new record mapping.","https://github.com/openwatersio/tide-database/issues/96","tnning-9520070-deu-wsv","Tested; result irregular, see evidence","old minus new: +1.49 h winter, +3.16 h summer (M2, 2022); M2 amplitude 0.842 to 0.832 m","https://uhslc.soest.hawaii.edu/erddap/tabledap/global_hourly_gesla.html"
"travemnde-9620085-deu-wsv","Travemnde","9620085","DEU","wsv","53.95802057","10.87217587","2000/01/01 01:00:00","2025/07/12 22:00:00","0","No obvious issues","WSV timestamp reference","Source-wide concern; not individually revalidated","Repository diagnosis: German legal time (CET/CEST) labeled UTC; expected timestamp offset 1 h in winter and 2 h in summer. Header timezone copied from GESLA metadata.","","Confirm the scope of the 4.1 timestamp correction and document conversion rules, timestamp convention and old-to-new record mapping.","https://github.com/openwatersio/tide-database/issues/96","travemnde-9620085-deu-wsv","Not individually tested; same pattern in all 64 testable WSV records","See release-4.1-review.md","https://gesla787883612.wordpress.com/downloads/ (GESLA-4.1 zip)"
"ueckermnde-9690088-deu-wsv","Ueckermnde","9690088","DEU","wsv","53.75030973","14.06647379","2000/01/01 01:00:00","2025/07/13 13:00:00","0","No obvious issues","WSV timestamp reference","Source-wide concern; not individually revalidated","Repository diagnosis: German legal time (CET/CEST) labeled UTC; expected timestamp offset 1 h in winter and 2 h in summer. Header timezone copied from GESLA metadata.","","Confirm the scope of the 4.1 timestamp correction and document conversion rules, timestamp convention and old-to-new record mapping.","https://github.com/openwatersio/tide-database/issues/96","ueckermnde-9690088-deu-wsv","Not individually tested; same pattern in all 64 testable WSV records","See release-4.1-review.md","https://gesla787883612.wordpress.com/downloads/ (GESLA-4.1 zip)"
"uetersen-5970016-deu-wsv","Uetersen","5970016","DEU","wsv","53.6781919","9.67707136","2000/01/01 01:00:00","2025/07/12 23:00:00","0","No obvious issues","WSV timestamp reference","Source-wide concern; not individually revalidated","Repository diagnosis: German legal time (CET/CEST) labeled UTC; expected timestamp offset 1 h in winter and 2 h in summer. Header timezone copied from GESLA metadata.","","Confirm the scope of the 4.1 timestamp correction and document conversion rules, timestamp convention and old-to-new record mapping.","https://github.com/openwatersio/tide-database/issues/96","uetersen-5970016-deu-wsv","Not individually tested; same pattern in all 64 testable WSV records","See release-4.1-review.md","https://gesla787883612.wordpress.com/downloads/ (GESLA-4.1 zip)"
"vegesack-4950010-deu-wsv","Vegesack","4950010","DEU","wsv","53.17091005","8.62054027","2000/01/01 01:00:00","2025/07/13 15:00:00","0","No obvious issues","WSV timestamp reference","Source-wide concern; not individually revalidated","Repository diagnosis: German legal time (CET/CEST) labeled UTC; expected timestamp offset 1 h in winter and 2 h in summer. Header timezone copied from GESLA metadata.","","Confirm the scope of the 4.1 timestamp correction and document conversion rules, timestamp convention and old-to-new record mapping.","https://github.com/openwatersio/tide-database/issues/96","vegesack-4950010-deu-wsv","Not individually tested; same pattern in all 64 testable WSV records","See release-4.1-review.md","https://gesla787883612.wordpress.com/downloads/ (GESLA-4.1 zip)"
"wangeroogenord-9420030-deu-wsv","Wangeroogenord","9420030","DEU","wsv","53.80788475","7.93010435","2000/01/01 01:00:00","2025/07/12 23:00:00","0","No obvious issues","WSV timestamp reference","Source-wide concern; not individually revalidated","Repository diagnosis: German legal time (CET/CEST) labeled UTC; expected timestamp offset 1 h in winter and 2 h in summer. Header timezone copied from GESLA metadata.","","Confirm the scope of the 4.1 timestamp correction and document conversion rules, timestamp convention and old-to-new record mapping.","https://github.com/openwatersio/tide-database/issues/96","wangeroogenord-9420030-deu-wsv","UTC conversion verified; 30 min early (hourly mean stamped at interval start)","old minus new: +1.49 h winter, +2.49 h summer (M2, 2022); M2 amplitude 1.313 to 1.300 m; vs wangeroogetg-wan-deu-cmems in 4.1: -0.65 h winter, -0.63 h summer","https://uhslc.soest.hawaii.edu/erddap/tabledap/global_hourly_gesla.html"
"wangeroogewest-9420040-deu-wsv","Wangeroogewest","9420040","DEU","wsv","53.77782082","7.86883263","2000/01/01 01:00:00","2025/07/13 12:00:00","0","No obvious issues","WSV timestamp reference","Source-wide concern; not individually revalidated","Repository diagnosis: German legal time (CET/CEST) labeled UTC; expected timestamp offset 1 h in winter and 2 h in summer. Header timezone copied from GESLA metadata.","","Confirm the scope of the 4.1 timestamp correction and document conversion rules, timestamp convention and old-to-new record mapping.","https://github.com/openwatersio/tide-database/issues/96","wangeroogewest-9420040-deu-wsv","UTC conversion verified; 30 min early (hourly mean stamped at interval start)","old minus new: +1.49 h winter, +2.49 h summer (M2, 2022); M2 amplitude 1.268 to 1.255 m","https://uhslc.soest.hawaii.edu/erddap/tabledap/global_hourly_gesla.html"
"warnemnde-9640015-deu-wsv","Warnemnde","9640015","DEU","wsv","54.1697259","12.10337408","2000/01/01 01:00:00","2025/07/12 22:00:00","0","No obvious issues","WSV timestamp reference","Source-wide concern; not individually revalidated","Repository diagnosis: German legal time (CET/CEST) labeled UTC; expected timestamp offset 1 h in winter and 2 h in summer. Header timezone copied from GESLA metadata.","","Confirm the scope of the 4.1 timestamp correction and document conversion rules, timestamp convention and old-to-new record mapping.","https://github.com/openwatersio/tide-database/issues/96","warnemnde-9640015-deu-wsv","Tested; tide too small to resolve timing","M2 amplitude 0.046 m; old minus new: +1.50 h winter, +2.48 h summer (M2, 2022)","https://uhslc.soest.hawaii.edu/erddap/tabledap/global_hourly_gesla.html"
"wasserhorst-4930010-deu-wsv","Wasserhorst","4930010","DEU","wsv","53.16433572","8.71923221","2000/01/01 01:00:00","2025/07/13 12:00:00","0","No obvious issues","WSV timestamp reference","Source-wide concern; not individually revalidated","Repository diagnosis: German legal time (CET/CEST) labeled UTC; expected timestamp offset 1 h in winter and 2 h in summer. Header timezone copied from GESLA metadata.","","Confirm the scope of the 4.1 timestamp correction and document conversion rules, timestamp convention and old-to-new record mapping.","https://github.com/openwatersio/tide-database/issues/96","wasserhorst-4930010-deu-wsv","UTC conversion verified; 30 min early (hourly mean stamped at interval start)","old minus new: +1.49 h winter, +2.49 h summer (M2, 2022); M2 amplitude 1.190 to 1.179 m","https://uhslc.soest.hawaii.edu/erddap/tabledap/global_hourly_gesla.html"
"weener-3790020-deu-wsv","Weener","3790020","DEU","wsv","53.16269672","7.37271857","2000/01/01 01:00:00","2025/07/13 13:00:00","0","No obvious issues","WSV timestamp reference","Source-wide concern; not individually revalidated","Repository diagnosis: German legal time (CET/CEST) labeled UTC; expected timestamp offset 1 h in winter and 2 h in summer. Header timezone copied from GESLA metadata.","","Confirm the scope of the 4.1 timestamp correction and document conversion rules, timestamp convention and old-to-new record mapping.","https://github.com/openwatersio/tide-database/issues/96","weener-3790020-deu-wsv","UTC conversion verified; 30 min early (hourly mean stamped at interval start)","old minus new: +1.49 h winter, +2.49 h summer (M2, 2022); M2 amplitude 1.547 to 1.532 m","https://uhslc.soest.hawaii.edu/erddap/tabledap/global_hourly_gesla.html"
"wehrgeesthachtup-5930062-deu-wsv","Wehrgeesthachtup","5930062","DEU","wsv","53.42481874","10.33604134","2000/01/01 01:00:00","2025/07/13 12:00:00","0","No obvious issues","WSV timestamp reference","Source-wide concern; not individually revalidated","Repository diagnosis: German legal time (CET/CEST) labeled UTC; expected timestamp offset 1 h in winter and 2 h in summer. Header timezone copied from GESLA metadata.","","Confirm the scope of the 4.1 timestamp correction and document conversion rules, timestamp convention and old-to-new record mapping.","https://github.com/openwatersio/tide-database/issues/96","wehrgeesthachtup-5930062-deu-wsv","UTC conversion verified; 30 min early (hourly mean stamped at interval start)","old minus new: +1.50 h winter, +2.49 h summer (M2, 2022); M2 amplitude 0.895 to 0.883 m","https://uhslc.soest.hawaii.edu/erddap/tabledap/global_hourly_gesla.html"
"weserwehruw-4910040-deu-wsv","Weserwehruw","4910040","DEU","wsv","53.06174451","8.85584751","2000/01/01 01:00:00","2025/07/11 16:59:59","0","No obvious issues","WSV timestamp reference","Source-wide concern; not individually revalidated","Repository diagnosis: German legal time (CET/CEST) labeled UTC; expected timestamp offset 1 h in winter and 2 h in summer. Header timezone copied from GESLA metadata.","","Confirm the scope of the 4.1 timestamp correction and document conversion rules, timestamp convention and old-to-new record mapping.","https://github.com/openwatersio/tide-database/issues/96","weserwehruw-4910040-deu-wsv","Not individually tested; same pattern in all 64 testable WSV records","See release-4.1-review.md","https://gesla787883612.wordpress.com/downloads/ (GESLA-4.1 zip)"
"whvaltervorhafen-9440020-deu-wsv","Whvaltervorhafen","9440020","DEU","wsv","53.51604783","8.14607054","2000/01/01 01:00:00","2025/07/13 00:00:00","0","No obvious issues","WSV timestamp reference","Source-wide concern; not individually revalidated","Repository diagnosis: German legal time (CET/CEST) labeled UTC; expected timestamp offset 1 h in winter and 2 h in summer. Header timezone copied from GESLA metadata.","","Confirm the scope of the 4.1 timestamp correction and document conversion rules, timestamp convention and old-to-new record mapping.","https://github.com/openwatersio/tide-database/issues/96","whvaltervorhafen-9440020-deu-wsv","UTC conversion verified; 30 min early (hourly mean stamped at interval start)","old minus new: +1.49 h winter, +2.49 h summer (M2, 2022); M2 amplitude 1.745 to 1.726 m; vs wilhelmshaventg-wil-deu-cmems in 4.1: -0.49 h winter, -0.49 h summer","https://uhslc.soest.hawaii.edu/erddap/tabledap/global_hourly_gesla.html"
"whvneuervorhafen-9440030-deu-wsv","Whvneuervorhafen","9440030","DEU","wsv","53.53185737","8.16166525","2000/01/01 01:00:00","2025/07/13 00:00:00","0","No obvious issues","WSV timestamp reference","Source-wide concern; not individually revalidated","Repository diagnosis: German legal time (CET/CEST) labeled UTC; expected timestamp offset 1 h in winter and 2 h in summer. Header timezone copied from GESLA metadata.","","Confirm the scope of the 4.1 timestamp correction and document conversion rules, timestamp convention and old-to-new record mapping.","https://github.com/openwatersio/tide-database/issues/96","whvneuervorhafen-9440030-deu-wsv","UTC conversion verified; 30 min early (hourly mean stamped at interval start)","old minus new: +1.49 h winter, +2.49 h summer (M2, 2022); M2 amplitude 1.698 to 1.680 m; vs wilhelmshaventg-wil-deu-cmems in 4.1: -0.52 h winter, -0.53 h summer","https://uhslc.soest.hawaii.edu/erddap/tabledap/global_hourly_gesla.html"
"wittdn-9570010-deu-wsv","Wittdn","9570010","DEU","wsv","54.63344017","8.38492638","2000/01/01 01:00:00","2025/07/12 21:00:00","0","No obvious issues","WSV timestamp reference","Source-wide concern; not individually revalidated","Repository diagnosis: German legal time (CET/CEST) labeled UTC; expected timestamp offset 1 h in winter and 2 h in summer. Header timezone copied from GESLA metadata.","","Confirm the scope of the 4.1 timestamp correction and document conversion rules, timestamp convention and old-to-new record mapping.","https://github.com/openwatersio/tide-database/issues/96","wittdn-9570010-deu-wsv","UTC conversion verified; 30 min early (hourly mean stamped at interval start)","old minus new: +1.49 h winter, +2.49 h summer (M2, 2022); M2 amplitude 1.196 to 1.184 m; vs wittduentg-wit-deu-cmems in 4.1: -0.49 h winter, -0.49 h summer","https://uhslc.soest.hawaii.edu/erddap/tabledap/global_hourly_gesla.html"
"wittowerfhre-9670055-deu-wsv","Wittowerfhre","9670055","DEU","wsv","54.55758711","13.24512126","2000/01/01 01:00:00","2025/07/12 21:00:00","0","No obvious issues","WSV timestamp reference","Source-wide concern; not individually revalidated","Repository diagnosis: German legal time (CET/CEST) labeled UTC; expected timestamp offset 1 h in winter and 2 h in summer. Header timezone copied from GESLA metadata.","","Confirm the scope of the 4.1 timestamp correction and document conversion rules, timestamp convention and old-to-new record mapping.","https://github.com/openwatersio/tide-database/issues/96","wittowerfhre-9670055-deu-wsv","Tested; tide too small to resolve timing","M2 amplitude 0.007 m; old minus new: +1.41 h winter, +2.50 h summer (M2, 2022)","https://uhslc.soest.hawaii.edu/erddap/tabledap/global_hourly_gesla.html"
"wolgast-9650080-deu-wsv","Wolgast","9650080","DEU","wsv","54.04173019","13.7703721","2000/01/01 01:00:00","2025/07/12 22:00:00","0","No obvious issues","WSV timestamp reference","Source-wide concern; not individually revalidated","Repository diagnosis: German legal time (CET/CEST) labeled UTC; expected timestamp offset 1 h in winter and 2 h in summer. Header timezone copied from GESLA metadata.","","Confirm the scope of the 4.1 timestamp correction and document conversion rules, timestamp convention and old-to-new record mapping.","https://github.com/openwatersio/tide-database/issues/96","wolgast-9650080-deu-wsv","Tested; tide too small to resolve timing","M2 amplitude 0.007 m; old minus new: +1.30 h winter, +2.30 h summer (M2, 2022)","https://uhslc.soest.hawaii.edu/erddap/tabledap/global_hourly_gesla.html"
"zehnerloch-9510010-deu-wsv","Zehnerloch","9510010","DEU","wsv","53.95710991","8.65925191","2000/01/01 01:00:00","2025/07/12 22:00:00","0","No obvious issues","WSV timestamp reference","Source-wide concern; not individually revalidated","Repository diagnosis: German legal time (CET/CEST) labeled UTC; expected timestamp offset 1 h in winter and 2 h in summer. Header timezone copied from GESLA metadata.","","Confirm the scope of the 4.1 timestamp correction and document conversion rules, timestamp convention and old-to-new record mapping.","https://github.com/openwatersio/tide-database/issues/96","zehnerloch-9510010-deu-wsv","UTC conversion verified; 30 min early (hourly mean stamped at interval start)","old minus new: +1.50 h winter, +2.49 h summer (M2, 2022); M2 amplitude 1.403 to 1.394 m","https://uhslc.soest.hawaii.edu/erddap/tabledap/global_hourly_gesla.html"
"zollenspieker-5930090-deu-wsv","Zollenspieker","5930090","DEU","wsv","53.39870323","10.18536638","2000/01/01 01:00:00","2025/07/13 12:00:00","0","No obvious issues","WSV timestamp reference","Source-wide concern; not individually revalidated","Repository diagnosis: German legal time (CET/CEST) labeled UTC; expected timestamp offset 1 h in winter and 2 h in summer. Header timezone copied from GESLA metadata.","","Confirm the scope of the 4.1 timestamp correction and document conversion rules, timestamp convention and old-to-new record mapping.","https://github.com/openwatersio/tide-database/issues/96","zollenspieker-5930090-deu-wsv","UTC conversion verified; 30 min early (hourly mean stamped at interval start)","old minus new: +1.50 h winter, +2.49 h summer (M2, 2022); M2 amplitude 1.208 to 1.193 m","https://uhslc.soest.hawaii.edu/erddap/tabledap/global_hourly_gesla.html"
